Model,Variant,Manufacturer,Type,Gamma,Category_CC,TotalRob,Umbral,%Umbral
147,All,Alfa Romeo,B: SMALL SALOONS,baja,3200cc-4800cc,91,"0,003202509885682","0,32"
33& 145& 146& 1750& Arna,All,Alfa Romeo,B: SMALL SALOONS,baja,1500cc – 2000cc,72,"0,003202509885682","0,32"
75& 2000& Alfetta& Giulietta,All,Alfa Romeo,C: MEDIUM SALOONS,alta,2000cc-2500cc,8,"0,003202509885682","0,32"
155& 156,All,Alfa Romeo,C: MEDIUM SALOONS,ata,2500cc-3200cc,298,"0,003202509885682","0,32"
GT,All,Alfa Romeo,C: MEDIUM SALOONS,alta,1500cc – 2000cc,10,"0,003202509885682","0,32"
164& 166& Alfa,All,Alfa Romeo,D: LARGE SALOONS,baja,1500cc – 2000cc,46,"0,003202509885682","0,32"
Alfasud& GTV& Spider& Sprint,All,Alfa Romeo,F: SPORTS,alta,2000cc-2500cc,114,"0,003202509885682","0,32"
A2,All,Audi,A: MINIS & SUPERMINIS,media,menor 1500cc,75,"0,01924011807689","1,92"
A3,All,Audi,B: SMALL SALOONS,baja,2000cc-2500cc,612,"0,01924011807689","1,92"
80,All,Audi,C: MEDIUM SALOONS,alta,2000cc-2500cc,407,"0,01924011807689","1,92"
90,All,Audi,C: MEDIUM SALOONS,baja,3200cc-4800cc,36,"0,01924011807689","1,92"
A4& Avant,All,Audi,C: MEDIUM SALOONS,baja,mayor 4800cc,1317,"0,01924011807689","1,92"
100& 200,All,Audi,D: LARGE SALOONS,baja,2000cc-2500cc,113,"0,01924011807689","1,92"
A6& S6,All,Audi,D: LARGE SALOONS,alta,3200cc-4800cc,346,"0,01924011807689","1,92"
Cabriolet& Coupe,All,Audi,D: LARGE SALOONS,alta,mayor 4800cc,123,"0,01924011807689","1,92"
A8& S8& V8,All,Audi,E: LUXURY SALOONS,alta,2000cc-2500cc,71,"0,01924011807689","1,92"
Quattro,All,Audi,F: SPORTS,baja,2500cc-3200cc,14,"0,01924011807689","1,92"
S (S3 Quatrro and S4 Quattro),All,Audi,F: SPORTS,baja,1500cc – 2000cc,140,"0,01924011807689","1,92"
TT,All,Audi,F: SPORTS,baja,2000cc-2500cc,559,"0,01924011807689","1,92"
A6 Allroad,All,Audi,G: 4x4 & PEOPLE CARRIER,alta,mayor 4800cc,26,"0,01924011807689","1,92"
Metro,City,Austin/Morris,A: MINIS & SUPERMINIS,media,2500cc-3200cc,322,"0,007552711107547","0,76"
Metro,L& LE,Austin/Morris,A: MINIS & SUPERMINIS,media,3200cc-4800cc,306,"0,007552711107547","0,76"
Metro,MG,Austin/Morris,A: MINIS & SUPERMINIS,media,1500cc – 2000cc,57,"0,007552711107547","0,76"
Metro,Other,Austin/Morris,A: MINIS & SUPERMINIS,media,2000cc-2500cc,224,"0,007552711107547","0,76"
Mini,All,Austin/Morris,A: MINIS & SUPERMINIS,alta,2500cc-3200cc,234,"0,007552711107547","0,76"
Minor,All,Austin/Morris,A: MINIS & SUPERMINIS,alta,1500cc – 2000cc,72,"0,007552711107547","0,76"
1100& 1300& Cowley& Oxford,All,Austin/Morris,B: SMALL SALOONS,baja,2500cc-3200cc,0,"0,007552711107547","0,76"
Allegro& Ital,All,Austin/Morris,B: SMALL SALOONS,alta,1500cc – 2000cc,14,"0,007552711107547","0,76"
Maestro,L& LE,Austin/Morris,B: SMALL SALOONS,alta,2000cc-2500cc,85,"0,007552711107547","0,76"
Maestro,Other& HL& HLE& HLS& MG,Austin/Morris,B: SMALL SALOONS,alta,3200cc-4800cc,113,"0,007552711107547","0,76"
Marina& Maxi,All,Austin/Morris,B: SMALL SALOONS,baja,mayor 4800cc,4,"0,007552711107547","0,76"
Montego,All& MG,Austin/Morris,C: MEDIUM SALOONS,baja,menor 1500cc,76,"0,007552711107547","0,76"
ninguno,All,Bentley,E: LUXURY SALOONS,alta,3200cc-4800cc,35,"0,000175411339591","0,02"
Mini,All,BMW,A: MINIS & SUPERMINIS,ata,2000cc-2500cc,768,"0,046032947261328","4,6"
1 Series,All,BMW,B: SMALL SALOONS,media,menor 1500cc,61,"0,046032947261328","4,6"
316,All,BMW,C: MEDIUM SALOONS,baja,2500cc-3200cc,1189,"0,046032947261328","4,6"
318,All,BMW,C: MEDIUM SALOONS,baja,3200cc-4800cc,1935,"0,046032947261328","4,6"
320,All,BMW,C: MEDIUM SALOONS,alta,1500cc – 2000cc,1022,"0,046032947261328","4,6"
323,All,BMW,C: MEDIUM SALOONS,alta,2000cc-2500cc,295,"0,046032947261328","4,6"
325,All,BMW,C: MEDIUM SALOONS,alta,2500cc-3200cc,794,"0,046032947261328","4,6"
328,All,BMW,C: MEDIUM SALOONS,baja,1500cc – 2000cc,242,"0,046032947261328","4,6"
330,All,BMW,C: MEDIUM SALOONS,media,2000cc-2500cc,349,"0,046032947261328","4,6"
M3,All,BMW,C: MEDIUM SALOONS,media,3200cc-4800cc,215,"0,046032947261328","4,6"
518,All,BMW,D: LARGE SALOONS,alta,menor 1500cc,103,"0,046032947261328","4,6"
520,All,BMW,D: LARGE SALOONS,baja,2500cc-3200cc,387,"0,046032947261328","4,6"
523,All,BMW,D: LARGE SALOONS,media,3200cc-4800cc,133,"0,046032947261328","4,6"
525,All,BMW,D: LARGE SALOONS,media,1500cc – 2000cc,356,"0,046032947261328","4,6"
528,All,BMW,D: LARGE SALOONS,alta,2000cc-2500cc,82,"0,046032947261328","4,6"
530,All,BMW,D: LARGE SALOONS,alta,2500cc-3200cc,192,"0,046032947261328","4,6"
535,All,BMW,D: LARGE SALOONS,media,1500cc – 2000cc,69,"0,046032947261328","4,6"
540& 545,All,BMW,D: LARGE SALOONS,media,2000cc-2500cc,28,"0,046032947261328","4,6"
M5,All,BMW,D: LARGE SALOONS,media,3200cc-4800cc,34,"0,046032947261328","4,6"
728& 732,All,BMW,E: LUXURY SALOONS,alta,mayor 4800cc,58,"0,046032947261328","4,6"
730,All,BMW,E: LUXURY SALOONS,baja,menor 1500cc,107,"0,046032947261328","4,6"
735,All,BMW,E: LUXURY SALOONS,media,2500cc-3200cc,71,"0,046032947261328","4,6"
740,All,BMW,E: LUXURY SALOONS,media,3200cc-4800cc,52,"0,046032947261328","4,6"
745,All,BMW,E: LUXURY SALOONS,alta,1500cc – 2000cc,9,"0,046032947261328","4,6"
750,All,BMW,E: LUXURY SALOONS,alta,2000cc-2500cc,21,"0,046032947261328","4,6"
6 Series& 8 Series,All,BMW,F: SPORTS,baja,3200cc-4800cc,62,"0,046032947261328","4,6"
M (M Roadster and M Coupe),All,BMW,F: SPORTS,baja,mayor 4800cc,10,"0,046032947261328","4,6"
Z3,All,BMW,F: SPORTS,alta,menor 1500cc,120,"0,046032947261328","4,6"
Z4,All,BMW,F: SPORTS,alta,2500cc-3200cc,62,"0,046032947261328","4,6"
X3,All,BMW,G: 4x4 & PEOPLE CARRIER,alta,menor 1500cc,46,"0,046032947261328","4,6"
X5,All,BMW,G: 4x4 & PEOPLE CARRIER,ata,2500cc-3200cc,313,"0,046032947261328","4,6"
Kalos,All,Chevrolet,A: MINIS & SUPERMINIS,alta,3200cc-4800cc,2,"6,51527832767841E-05","0,01"
Matiz,All,Chevrolet,A: MINIS & SUPERMINIS,alta,mayor 4800cc,9,"6,51527832767841E-05","0,01"
Lacetti,All,Chevrolet,B: SMALL SALOONS,media,2500cc-3200cc,1,"6,51527832767841E-05","0,01"
Tacuma,All,Chevrolet,B: SMALL SALOONS,alta,3200cc-4800cc,1,"6,51527832767841E-05","0,01"
Neon,All,Chrysler,C: MEDIUM SALOONS,alta,mayor 4800cc,83,"0,001303055665536","0,13"
Crossfire,All,Chrysler,F: SPORTS,alta,3200cc-4800cc,20,"0,001303055665536","0,13"
PT Cruiser,All,Chrysler,G: 4x4 & PEOPLE CARRIER,alta,3200cc-4800cc,41,"0,001303055665536","0,13"
Voyager& Grand Voyager,All,Chrysler,G: 4x4 & PEOPLE CARRIER,alta,1500cc – 2000cc,116,"0,001303055665536","0,13"
2 CV,All,Citroen,A: MINIS & SUPERMINIS,baja,menor 1500cc,33,"0,019951786940375",2
AX,All,Citroen,A: MINIS & SUPERMINIS,baja,2500cc-3200cc,624,"0,019951786940375",2
C2,All,Citroen,A: MINIS & SUPERMINIS,baja,3200cc-4800cc,66,"0,019951786940375",2
C3,All,Citroen,A: MINIS & SUPERMINIS,baja,1500cc – 2000cc,138,"0,019951786940375",2
Dyane& LNA& AMI& Visa,All,Citroen,A: MINIS & SUPERMINIS,baja,2000cc-2500cc,14,"0,019951786940375",2
Saxo,All,Citroen,A: MINIS & SUPERMINIS,alta,2500cc-3200cc,1152,"0,019951786940375",2
C4,All,Citroen,B: SMALL SALOONS,alta,1500cc – 2000cc,22,"0,019951786940375",2
Xsara,Other,Citroen,B: SMALL SALOONS,media,2000cc-2500cc,237,"0,019951786940375",2
ZX,All,Citroen,B: SMALL SALOONS,media,2500cc-3200cc,525,"0,019951786940375",2
Bx,All,Citroen,C: MEDIUM SALOONS,alta,menor 1500cc,154,"0,019951786940375",2
C5,All,Citroen,C: MEDIUM SALOONS,media,2500cc-3200cc,78,"0,019951786940375",2
Xantia,All,Citroen,C: MEDIUM SALOONS,media,3200cc-4800cc,516,"0,019951786940375",2
CX,All,Citroen,D: LARGE SALOONS,media,mayor 4800cc,2,"0,019951786940375",2
XM,All,Citroen,D: LARGE SALOONS,media,menor 1500cc,36,"0,019951786940375",2
Berlingo,All,Citroen,G: 4x4 & PEOPLE CARRIER,baja,2000cc-2500cc,56,"0,019951786940375",2
C8,All,Citroen,G: 4x4 & PEOPLE CARRIER,baja,2500cc-3200cc,6,"0,019951786940375",2
Synergie,All,Citroen,G: 4x4 & PEOPLE CARRIER,baja,1500cc – 2000cc,40,"0,019951786940375",2
Xsara,Picasso,Citroen,G: 4x4 & PEOPLE CARRIER,baja,2000cc-2500cc,282,"0,019951786940375",2
Kalos,All,Daewoo,A: MINIS & SUPERMINIS,alta,1500cc – 2000cc,12,"0,004094601841318","0,41"
Matiz,All,Daewoo,A: MINIS & SUPERMINIS,alta,2000cc-2500cc,157,"0,004094601841318","0,41"
Lacetti,All,Daewoo,B: SMALL SALOONS,media,1500cc – 2000cc,4,"0,004094601841318","0,41"
Lanos,All,Daewoo,B: SMALL SALOONS,media,2000cc-2500cc,167,"0,004094601841318","0,41"
Nexia,All,Daewoo,B: SMALL SALOONS,media,3200cc-4800cc,166,"0,004094601841318","0,41"
Espero,All,Daewoo,C: MEDIUM SALOONS,media,1500cc – 2000cc,110,"0,004094601841318","0,41"
Nubira,All,Daewoo,C: MEDIUM SALOONS,media,2000cc-2500cc,84,"0,004094601841318","0,41"
Leganza,All,Daewoo,D: LARGE SALOONS,alta,2500cc-3200cc,51,"0,004094601841318","0,41"
Tacuma,All,Daewoo,G: 4x4 & PEOPLE CARRIER,baja,3200cc-4800cc,21,"0,004094601841318","0,41"
Korando,All,Daewoo,G: 4x4 & PEOPLE CARRIER,alta,mayor 4800cc,4,"0,004094601841318","0,41"
Musso,All,Daewoo,G: 4x4 & PEOPLE CARRIER,alta,menor 1500cc,41,"0,004094601841318","0,41"
Charade& Domino& Mira,All,Daihatsu,A: MINIS & SUPERMINIS,baja,3200cc-4800cc,77,"0,002355523703084","0,24"
Cuore,All,Daihatsu,A: MINIS & SUPERMINIS,media,mayor 4800cc,14,"0,002355523703084","0,24"
Sirion,All,Daihatsu,A: MINIS & SUPERMINIS,media,menor 1500cc,10,"0,002355523703084","0,24"
YRV,All,Daihatsu,A: MINIS & SUPERMINIS,alta,2500cc-3200cc,12,"0,002355523703084","0,24"
Applause,All,Daihatsu,B: SMALL SALOONS,alta,mayor 4800cc,12,"0,002355523703084","0,24"
Fourtrak& Independent,All,Daihatsu,G: 4x4 & PEOPLE CARRIER,alta,2500cc-3200cc,253,"0,002355523703084","0,24"
Move& Grand Move,All,Daihatsu,G: 4x4 & PEOPLE CARRIER,baja,3200cc-4800cc,11,"0,002355523703084","0,24"
Sportrak,All,Daihatsu,G: 4x4 & PEOPLE CARRIER,media,1500cc – 2000cc,65,"0,002355523703084","0,24"
Terios,All,Daihatsu,G: 4x4 & PEOPLE CARRIER,media,2000cc-2500cc,16,"0,002355523703084","0,24"
ninguno,All,Daimler,E: LUXURY SALOONS,media,2500cc-3200cc,66,"0,000330775668944","0,03"
125& 126& 127& 133& 500& 600& 850,All,Fiat Auto,A: MINIS & SUPERMINIS,alta,3200cc-4800cc,59,"0,028717342167383","2,87"
Cinquecento,All,Fiat Auto,A: MINIS & SUPERMINIS,media,1500cc – 2000cc,254,"0,028717342167383","2,87"
Idea,All,Fiat Auto,A: MINIS & SUPERMINIS,media,2000cc-2500cc,5,"0,028717342167383","2,87"
Panda,All,Fiat Auto,A: MINIS & SUPERMINIS,media,2500cc-3200cc,144,"0,028717342167383","2,87"
Punto,All,Fiat Auto,A: MINIS & SUPERMINIS,media,1500cc – 2000cc,3051,"0,028717342167383","2,87"
Seicento,All,Fiat Auto,A: MINIS & SUPERMINIS,media,2000cc-2500cc,105,"0,028717342167383","2,87"
Uno,All,Fiat Auto,A: MINIS & SUPERMINIS,alta,3200cc-4800cc,572,"0,028717342167383","2,87"
Brava,All,Fiat Auto,B: SMALL SALOONS,alta,menor 1500cc,460,"0,028717342167383","2,87"
Bravo,All,Fiat Auto,B: SMALL SALOONS,ata,2500cc-3200cc,331,"0,028717342167383","2,87"
Stilo,All,Fiat Auto,B: SMALL SALOONS,alta,3200cc-4800cc,134,"0,028717342167383","2,87"
Strada& Tipo,All,Fiat Auto,B: SMALL SALOONS,alta,1500cc – 2000cc,251,"0,028717342167383","2,87"
Marea& Weekend,All,Fiat Auto,C: MEDIUM SALOONS,media,2500cc-3200cc,127,"0,028717342167383","2,87"
Tempra,All,Fiat Auto,C: MEDIUM SALOONS,alta,1500cc – 2000cc,59,"0,028717342167383","2,87"
Barchetta& Coupe,All,Fiat Auto,F: SPORTS,baja,1500cc – 2000cc,70,"0,028717342167383","2,87"
Dino& X1/9,All,Fiat Auto,F: SPORTS,media,2000cc-2500cc,8,"0,028717342167383","2,87"
Doblo,All,Fiat Auto,G: 4x4 & PEOPLE CARRIER,alta,2500cc-3200cc,15,"0,028717342167383","2,87"
Multipla,All,Fiat Auto,G: 4x4 & PEOPLE CARRIER,alta,1500cc – 2000cc,35,"0,028717342167383","2,87"
Ulysse,All,Fiat Auto,G: 4x4 & PEOPLE CARRIER,media,2000cc-2500cc,50,"0,028717342167383","2,87"
Anglia& Popular& Prefect,All,Ford Corporation,A: MINIS & SUPERMINIS,alta,mayor 4800cc,17,"0,245174935223098","24,52"
Fiesta Classic,All,Ford Corporation,A: MINIS & SUPERMINIS,ata,menor 1500cc,242,"0,245174935223098","24,52"
Fiesta Mk1& Mk2& Mk3,GHIA,Ford Corporation,A: MINIS & SUPERMINIS,alta,2500cc-3200cc,1274,"0,245174935223098","24,52"
Fiesta Mk1& Mk2& Mk3,L,Ford Corporation,A: MINIS & SUPERMINIS,alta,3200cc-4800cc,969,"0,245174935223098","24,52"
Fiesta Mk1& Mk2& Mk3,LX,Ford Corporation,A: MINIS & SUPERMINIS,baja,1500cc – 2000cc,4065,"0,245174935223098","24,52"
Fiesta Mk1& Mk2& Mk3,Popular,Ford Corporation,A: MINIS & SUPERMINIS,baja,2000cc-2500cc,2223,"0,245174935223098","24,52"
Fiesta Mk1& Mk2& Mk3,S& S I,Ford Corporation,A: MINIS & SUPERMINIS,baja,2500cc-3200cc,541,"0,245174935223098","24,52"
Fiesta Mk1& Mk2& Mk3,XR2& XR2I,Ford Corporation,A: MINIS & SUPERMINIS,baja,1500cc – 2000cc,552,"0,245174935223098","24,52"
Fiesta Mk1& Mk2& Mk3,GL& SX& Other,Ford Corporation,A: MINIS & SUPERMINIS,baja,2000cc-2500cc,6571,"0,245174935223098","24,52"
Fiesta Mk4,Encore,Ford Corporation,A: MINIS & SUPERMINIS,alta,3200cc-4800cc,243,"0,245174935223098","24,52"
Fiesta Mk4,GHIA,Ford Corporation,A: MINIS & SUPERMINIS,alta,mayor 4800cc,268,"0,245174935223098","24,52"
Fiesta Mk4,LX,Ford Corporation,A: MINIS & SUPERMINIS,alta,menor 1500cc,323,"0,245174935223098","24,52"
Fiesta Mk4,SI,Ford Corporation,A: MINIS & SUPERMINIS,baja,2500cc-3200cc,76,"0,245174935223098","24,52"
Fiesta Mk4,ZETEC,Ford Corporation,A: MINIS & SUPERMINIS,media,3200cc-4800cc,163,"0,245174935223098","24,52"
Fiesta Mk4,Other,Ford Corporation,A: MINIS & SUPERMINIS,media,1500cc – 2000cc,362,"0,245174935223098","24,52"
Fiesta Mk5,Encore,Ford Corporation,A: MINIS & SUPERMINIS,alta,2000cc-2500cc,34,"0,245174935223098","24,52"
Fiesta Mk5,Finesse,Ford Corporation,A: MINIS & SUPERMINIS,alta,2500cc-3200cc,224,"0,245174935223098","24,52"
Fiesta Mk5,GHIA,Ford Corporation,A: MINIS & SUPERMINIS,media,1500cc – 2000cc,104,"0,245174935223098","24,52"
Fiesta Mk5,LX,Ford Corporation,A: MINIS & SUPERMINIS,media,2000cc-2500cc,164,"0,245174935223098","24,52"
Fiesta Mk5,ZETEC,Ford Corporation,A: MINIS & SUPERMINIS,media,3200cc-4800cc,542,"0,245174935223098","24,52"
Fiesta Mk5,Other,Ford Corporation,A: MINIS & SUPERMINIS,media,mayor 4800cc,419,"0,245174935223098","24,52"
Fusion,All,Ford Corporation,A: MINIS & SUPERMINIS,media,menor 1500cc,91,"0,245174935223098","24,52"
KA& KA 3,All,Ford Corporation,A: MINIS & SUPERMINIS,alta,2500cc-3200cc,944,"0,245174935223098","24,52"
Sportka,All,Ford Corporation,A: MINIS & SUPERMINIS,alta,3200cc-4800cc,26,"0,245174935223098","24,52"
Streetka,All,Ford Corporation,A: MINIS & SUPERMINIS,ata,1500cc – 2000cc,49,"0,245174935223098","24,52"
Escort Mk1,All,Ford Corporation,B: SMALL SALOONS,baja,2000cc-2500cc,38,"0,245174935223098","24,52"
Escort Mk2,All,Ford Corporation,B: SMALL SALOONS,baja,2500cc-3200cc,34,"0,245174935223098","24,52"
Escort Mk3,GHIA,Ford Corporation,B: SMALL SALOONS,baja,1500cc – 2000cc,299,"0,245174935223098","24,52"
Escort Mk3,GL,Ford Corporation,B: SMALL SALOONS,baja,2000cc-2500cc,216,"0,245174935223098","24,52"
Escort Mk3,L,Ford Corporation,B: SMALL SALOONS,baja,3200cc-4800cc,1086,"0,245174935223098","24,52"
Escort Mk3,LX,Ford Corporation,B: SMALL SALOONS,alta,mayor 4800cc,232,"0,245174935223098","24,52"
Escort Mk3,Popular,Ford Corporation,B: SMALL SALOONS,alta,menor 1500cc,416,"0,245174935223098","24,52"
Escort Mk3,XR3& XR3 I,Ford Corporation,B: SMALL SALOONS,alta,2500cc-3200cc,230,"0,245174935223098","24,52"
Escort Mk3,Other,Ford Corporation,B: SMALL SALOONS,baja,3200cc-4800cc,1183,"0,245174935223098","24,52"
Escort Mk4,GHIA,Ford Corporation,B: SMALL SALOONS,media,1500cc – 2000cc,467,"0,245174935223098","24,52"
Escort Mk4,GLX,Ford Corporation,B: SMALL SALOONS,media,2000cc-2500cc,115,"0,245174935223098","24,52"
Escort Mk4,L,Ford Corporation,B: SMALL SALOONS,alta,2500cc-3200cc,871,"0,245174935223098","24,52"
Escort Mk4,LX,Ford Corporation,B: SMALL SALOONS,alta,1500cc – 2000cc,2802,"0,245174935223098","24,52"
Escort Mk4,Popular,Ford Corporation,B: SMALL SALOONS,media,2000cc-2500cc,202,"0,245174935223098","24,52"
Escort Mk4,RS Cosworth& GTI,Ford Corporation,B: SMALL SALOONS,media,3200cc-4800cc,12,"0,245174935223098","24,52"
Escort Mk4,SI,Ford Corporation,B: SMALL SALOONS,media,mayor 4800cc,55,"0,245174935223098","24,52"
Escort Mk4,XR3& XR3I,Ford Corporation,B: SMALL SALOONS,media,menor 1500cc,129,"0,245174935223098","24,52"
Escort Mk4,Other,Ford Corporation,B: SMALL SALOONS,media,2500cc-3200cc,2352,"0,245174935223098","24,52"
Escort Mk5,CL,Ford Corporation,B: SMALL SALOONS,alta,3200cc-4800cc,62,"0,245174935223098","24,52"
Escort Mk5,Encore,Ford Corporation,B: SMALL SALOONS,alta,1500cc – 2000cc,431,"0,245174935223098","24,52"
Escort Mk5,GHIA,Ford Corporation,B: SMALL SALOONS,ata,2000cc-2500cc,132,"0,245174935223098","24,52"
Escort Mk5,L,Ford Corporation,B: SMALL SALOONS,alta,2500cc-3200cc,99,"0,245174935223098","24,52"
Escort Mk5,LX,Ford Corporation,B: SMALL SALOONS,alta,1500cc – 2000cc,764,"0,245174935223098","24,52"
Escort Mk5,RS Cosworth& GTI,Ford Corporation,B: SMALL SALOONS,baja,2000cc-2500cc,94,"0,245174935223098","24,52"
Escort Mk5,SI,Ford Corporation,B: SMALL SALOONS,baja,3200cc-4800cc,242,"0,245174935223098","24,52"
Escort Mk5,Other,Ford Corporation,B: SMALL SALOONS,baja,mayor 4800cc,716,"0,245174935223098","24,52"
Focus,All,Ford Corporation,B: SMALL SALOONS,baja,menor 1500cc,3058,"0,245174935223098","24,52"
Orion,GHIA,Ford Corporation,B: SMALL SALOONS,baja,2500cc-3200cc,539,"0,245174935223098","24,52"
Orion,GL,Ford Corporation,B: SMALL SALOONS,alta,3200cc-4800cc,176,"0,245174935223098","24,52"
Orion,GLX,Ford Corporation,B: SMALL SALOONS,alta,1500cc – 2000cc,56,"0,245174935223098","24,52"
Orion,L,Ford Corporation,B: SMALL SALOONS,alta,2000cc-2500cc,230,"0,245174935223098","24,52"
Orion,LX,Ford Corporation,B: SMALL SALOONS,baja,2500cc-3200cc,797,"0,245174935223098","24,52"
Orion,Other& GLS,Ford Corporation,B: SMALL SALOONS,media,1500cc – 2000cc,382,"0,245174935223098","24,52"
Cortina& Taunus,All,Ford Corporation,C: MEDIUM SALOONS,alta,2000cc-2500cc,40,"0,245174935223098","24,52"
Mondeo,GHIA,Ford Corporation,C: MEDIUM SALOONS,ata,3200cc-4800cc,647,"0,245174935223098","24,52"
Mondeo,GLX,Ford Corporation,C: MEDIUM SALOONS,alta,mayor 4800cc,787,"0,245174935223098","24,52"
Mondeo,LX,Ford Corporation,C: MEDIUM SALOONS,alta,menor 1500cc,2560,"0,245174935223098","24,52"
Mondeo,SI,Ford Corporation,C: MEDIUM SALOONS,baja,2500cc-3200cc,161,"0,245174935223098","24,52"
Mondeo,Zetec,Ford Corporation,C: MEDIUM SALOONS,baja,3200cc-4800cc,449,"0,245174935223098","24,52"
Mondeo,Other,Ford Corporation,C: MEDIUM SALOONS,baja,1500cc – 2000cc,656,"0,245174935223098","24,52"
Sierra,GHIA,Ford Corporation,C: MEDIUM SALOONS,baja,2000cc-2500cc,190,"0,245174935223098","24,52"
Sierra,GL,Ford Corporation,C: MEDIUM SALOONS,baja,2500cc-3200cc,86,"0,245174935223098","24,52"
Sierra,GLS,Ford Corporation,C: MEDIUM SALOONS,alta,1500cc – 2000cc,83,"0,245174935223098","24,52"
Sierra,GLX,Ford Corporation,C: MEDIUM SALOONS,alta,2000cc-2500cc,129,"0,245174935223098","24,52"
Sierra,GT,Ford Corporation,C: MEDIUM SALOONS,alta,3200cc-4800cc,12,"0,245174935223098","24,52"
Sierra,L,Ford Corporation,C: MEDIUM SALOONS,baja,mayor 4800cc,163,"0,245174935223098","24,52"
Sierra,LX,Ford Corporation,C: MEDIUM SALOONS,media,menor 1500cc,466,"0,245174935223098","24,52"
Sierra / Sierra Sapphire,RS Cosworth,Ford Corporation,C: MEDIUM SALOONS,media,2500cc-3200cc,82,"0,245174935223098","24,52"
Sierra,XR4I,Ford Corporation,C: MEDIUM SALOONS,alta,3200cc-4800cc,86,"0,245174935223098","24,52"
Sierra,Other,Ford Corporation,C: MEDIUM SALOONS,alta,1500cc – 2000cc,363,"0,245174935223098","24,52"
Sierra Sapphire,Cosworth,Ford Corporation,C: MEDIUM SALOONS,media,2000cc-2500cc,42,"0,245174935223098","24,52"
Sierra Sapphire,GHIA,Ford Corporation,C: MEDIUM SALOONS,media,2500cc-3200cc,75,"0,245174935223098","24,52"
Sierra Sapphire,GL,Ford Corporation,C: MEDIUM SALOONS,media,1500cc – 2000cc,43,"0,245174935223098","24,52"
Sierra Sapphire,GLS,Ford Corporation,C: MEDIUM SALOONS,media,2000cc-2500cc,105,"0,245174935223098","24,52"
Sierra Sapphire,GLX,Ford Corporation,C: MEDIUM SALOONS,media,3200cc-4800cc,127,"0,245174935223098","24,52"
Sierra Sapphire,L,Ford Corporation,C: MEDIUM SALOONS,alta,mayor 4800cc,49,"0,245174935223098","24,52"
Sierra Sapphire,LX,Ford Corporation,C: MEDIUM SALOONS,alta,menor 1500cc,346,"0,245174935223098","24,52"
Sierra Sapphire& Sapphire,Other& All,Ford Corporation,C: MEDIUM SALOONS,ata,2500cc-3200cc,192,"0,245174935223098","24,52"
Granada Mk1& Mk2& Mk3,Executive,Ford Corporation,D: LARGE SALOONS,alta,3200cc-4800cc,5,"0,245174935223098","24,52"
Granada Mk1& Mk2& Mk3,GHIA,Ford Corporation,D: LARGE SALOONS,ata,1500cc – 2000cc,242,"0,245174935223098","24,52"
Granada Mk1& Mk2& Mk3,GL& GLS,Ford Corporation,D: LARGE SALOONS,alta,2000cc-2500cc,68,"0,245174935223098","24,52"
Granada Mk1& Mk2& Mk3,GLX,Ford Corporation,D: LARGE SALOONS,alta,2500cc-3200cc,21,"0,245174935223098","24,52"
Granada Mk1& Mk2& Mk3,LX,Ford Corporation,D: LARGE SALOONS,baja,1500cc – 2000cc,28,"0,245174935223098","24,52"
Granada Mk1& Mk2& Mk3,Scorpio,Ford Corporation,D: LARGE SALOONS,baja,2000cc-2500cc,205,"0,245174935223098","24,52"
Granada Mk1& Mk2& Mk3,Other& L,Ford Corporation,D: LARGE SALOONS,baja,3200cc-4800cc,15,"0,245174935223098","24,52"
Scorpio,All,Ford Corporation,D: LARGE SALOONS,baja,mayor 4800cc,187,"0,245174935223098","24,52"
Capri,All,Ford Corporation,F: SPORTS,media,2500cc-3200cc,67,"0,245174935223098","24,52"
Cougar,All,Ford Corporation,F: SPORTS,alta,1500cc – 2000cc,60,"0,245174935223098","24,52"
Probe,All,Ford Corporation,F: SPORTS,alta,2000cc-2500cc,104,"0,245174935223098","24,52"
Puma,All,Ford Corporation,F: SPORTS,media,3200cc-4800cc,320,"0,245174935223098","24,52"
Explorer,All,Ford Corporation,G: 4x4 & PEOPLE CARRIER,media,3200cc-4800cc,35,"0,245174935223098","24,52"
Galaxy,All,Ford Corporation,G: 4x4 & PEOPLE CARRIER,media,mayor 4800cc,499,"0,245174935223098","24,52"
Maverick,All,Ford Corporation,G: 4x4 & PEOPLE CARRIER,media,menor 1500cc,122,"0,245174935223098","24,52"
Jazz,All,Honda,A: MINIS & SUPERMINIS,alta,2000cc-2500cc,99,"0,028186096396049","2,82"
Logo,All,Honda,A: MINIS & SUPERMINIS,alta,2500cc-3200cc,4,"0,028186096396049","2,82"
Ballade,All,Honda,B: SMALL SALOONS,media,2000cc-2500cc,28,"0,028186096396049","2,82"
Civic,All,Honda,B: SMALL SALOONS,alta,3200cc-4800cc,3283,"0,028186096396049","2,82"
Concerto,All,Honda,B: SMALL SALOONS,alta,mayor 4800cc,204,"0,028186096396049","2,82"
Accord& Accord Aerodeck,All,Honda,C: MEDIUM SALOONS,alta,3200cc-4800cc,1260,"0,028186096396049","2,82"
Integra& Quintet,Other& All,Honda,C: MEDIUM SALOONS,alta,1500cc – 2000cc,29,"0,028186096396049","2,82"
Legend,All,Honda,D: LARGE SALOONS,baja,menor 1500cc,58,"0,028186096396049","2,82"
Civic,CRX,Honda,F: SPORTS,media,mayor 4800cc,129,"0,028186096396049","2,82"
Integra,Type R,Honda,F: SPORTS,media,menor 1500cc,14,"0,028186096396049","2,82"
NSX& Prelude,All,Honda,F: SPORTS,media,2500cc-3200cc,309,"0,028186096396049","2,82"
S2000,All,Honda,F: SPORTS,media,3200cc-4800cc,40,"0,028186096396049","2,82"
CR-V,All,Honda,G: 4x4 & PEOPLE CARRIER,media,2500cc-3200cc,111,"0,028186096396049","2,82"
FR-V,All,Honda,G: 4x4 & PEOPLE CARRIER,alta,3200cc-4800cc,3,"0,028186096396049","2,82"
HR-V,All,Honda,G: 4x4 & PEOPLE CARRIER,alta,1500cc – 2000cc,33,"0,028186096396049","2,82"
Shuttle,All,Honda,G: 4x4 & PEOPLE CARRIER,ata,2000cc-2500cc,13,"0,028186096396049","2,82"
Stream,All,Honda,G: 4x4 & PEOPLE CARRIER,alta,2500cc-3200cc,7,"0,028186096396049","2,82"
Amica,All,Hyundai,A: MINIS & SUPERMINIS,baja,1500cc – 2000cc,34,"0,005122011116067","0,51"
Atoz,All,Hyundai,A: MINIS & SUPERMINIS,baja,2000cc-2500cc,28,"0,005122011116067","0,51"
Getz,All,Hyundai,A: MINIS & SUPERMINIS,baja,3200cc-4800cc,40,"0,005122011116067","0,51"
Accent,All,Hyundai,B: SMALL SALOONS,media,menor 1500cc,273,"0,005122011116067","0,51"
Pony& X2,All,Hyundai,B: SMALL SALOONS,media,2500cc-3200cc,86,"0,005122011116067","0,51"
Elantra,All,Hyundai,C: MEDIUM SALOONS,baja,2000cc-2500cc,16,"0,005122011116067","0,51"
Lantra,All,Hyundai,C: MEDIUM SALOONS,baja,2500cc-3200cc,163,"0,005122011116067","0,51"
Sonata,All,Hyundai,C: MEDIUM SALOONS,baja,1500cc – 2000cc,43,"0,005122011116067","0,51"
XG,All,Hyundai,D: LARGE SALOONS,alta,2500cc-3200cc,7,"0,005122011116067","0,51"
Coupe& S-Coupe,All,Hyundai,F: SPORTS,alta,1500cc – 2000cc,271,"0,005122011116067","0,51"
Matrix,All,Hyundai,G: 4x4 & PEOPLE CARRIER,alta,1500cc – 2000cc,10,"0,005122011116067","0,51"
Santa Fe,All,Hyundai,G: 4x4 & PEOPLE CARRIER,baja,2000cc-2500cc,26,"0,005122011116067","0,51"
Terracan,All,Hyundai,G: 4x4 & PEOPLE CARRIER,baja,3200cc-4800cc,5,"0,005122011116067","0,51"
Trajet,All,Hyundai,G: 4x4 & PEOPLE CARRIER,baja,mayor 4800cc,10,"0,005122011116067","0,51"
Tucson,All,Hyundai,G: 4x4 & PEOPLE CARRIER,baja,menor 1500cc,10,"0,005122011116067","0,51"
Trooper,All,Isuzu,G: 4x4 & PEOPLE CARRIER,baja,2500cc-3200cc,426,"0,002135006590455","0,21"
Sovereign& XJ& XJR& XJ8,All,Jaguar Cars,E: LUXURY SALOONS,media,1500cc – 2000cc,421,"0,005768527196275","0,58"
S-Type,All,Jaguar Cars,E: LUXURY SALOONS,media,2000cc-2500cc,235,"0,005768527196275","0,58"
X-Type,All,Jaguar Cars,F: SPORTS,alta,2000cc-2500cc,346,"0,005768527196275","0,58"
E-Type& XJ-S& XJ-SC& XJ 220& XKR,All,Jaguar Cars,F: SPORTS,ata,2500cc-3200cc,95,"0,005768527196275","0,58"
XK8,All,Jaguar Cars,F: SPORTS,alta,1500cc – 2000cc,54,"0,005768527196275","0,58"
Cherokee& Grand Cherokee,All,Jeep,G: 4x4 & PEOPLE CARRIER,alta,3200cc-4800cc,459,"0,002385594218442","0,24"
Wrangler,All,Jeep,G: 4x4 & PEOPLE CARRIER,alta,1500cc – 2000cc,17,"0,002385594218442","0,24"
Pride,All,Kia,A: MINIS & SUPERMINIS,baja,mayor 4800cc,97,"0,002059830302058","0,21"
Cerato,All,Kia,B: SMALL SALOONS,media,3200cc-4800cc,4,"0,002059830302058","0,21"
Mentor,All,Kia,B: SMALL SALOONS,media,1500cc – 2000cc,30,"0,002059830302058","0,21"
Picanto,All,Kia,B: SMALL SALOONS,media,2000cc-2500cc,14,"0,002059830302058","0,21"
Rio,All,Kia,B: SMALL SALOONS,alta,2500cc-3200cc,52,"0,002059830302058","0,21"
Shuma,All,Kia,C: MEDIUM SALOONS,baja,2000cc-2500cc,40,"0,002059830302058","0,21"
Clarus,All,Kia,D: LARGE SALOONS,alta,3200cc-4800cc,6,"0,002059830302058","0,21"
Magentis,All,Kia,D: LARGE SALOONS,alta,1500cc – 2000cc,2,"0,002059830302058","0,21"
Carens,All,Kia,G: 4x4 & PEOPLE CARRIER,alta,2000cc-2500cc,13,"0,002059830302058","0,21"
Sedona,All,Kia,G: 4x4 & PEOPLE CARRIER,baja,2500cc-3200cc,86,"0,002059830302058","0,21"
Sorento,All,Kia,G: 4x4 & PEOPLE CARRIER,media,1500cc – 2000cc,23,"0,002059830302058","0,21"
Sportage,All,Kia,G: 4x4 & PEOPLE CARRIER,media,2000cc-2500cc,44,"0,002059830302058","0,21"
Riva,All,Lada,B: SMALL SALOONS,alta,1500cc – 2000cc,10,"0,000135317319113","0,01"
Samara,All,Lada,B: SMALL SALOONS,ata,2000cc-2500cc,15,"0,000135317319113","0,01"
Niva,All,Lada,G: 4x4 & PEOPLE CARRIER,alta,3200cc-4800cc,2,"0,000135317319113","0,01"
Beta& Coupe& Delta& Hpe& Prisma,All,Lancia,B: SMALL SALOONS,alta,3200cc-4800cc,16,"8,01880409560419E-05","0,01"
Defender (Estate Model),All,Landrover,G: 4x4 & PEOPLE CARRIER,alta,mayor 4800cc,56,"0,014228365517138","1,42"
Discovery,All,Landrover,G: 4x4 & PEOPLE CARRIER,media,menor 1500cc,1178,"0,014228365517138","1,42"
Freelander,All,Landrover,G: 4x4 & PEOPLE CARRIER,media,2500cc-3200cc,739,"0,014228365517138","1,42"
Rangerover,All,Landrover,G: 4x4 & PEOPLE CARRIER,media,3200cc-4800cc,866,"0,014228365517138","1,42"
IS200,All,Lexus,C: MEDIUM SALOONS,baja,3200cc-4800cc,241,"0,002420676486361","0,24"
IS300,All,Lexus,C: MEDIUM SALOONS,alta,mayor 4800cc,11,"0,002420676486361","0,24"
GS300,All,Lexus,E: LUXURY SALOONS,media,3200cc-4800cc,85,"0,002420676486361","0,24"
GS430& LS430,All,Lexus,E: LUXURY SALOONS,media,mayor 4800cc,16,"0,002420676486361","0,24"
LS400,All,Lexus,E: LUXURY SALOONS,alta,menor 1500cc,49,"0,002420676486361","0,24"
SC430,All,Lexus,F: SPORTS,alta,2000cc-2500cc,8,"0,002420676486361","0,24"
RX300,All,Lexus,G: 4x4 & PEOPLE CARRIER,media,1500cc – 2000cc,73,"0,002420676486361","0,24"
Eclat& Excel,All,Lotus,F: SPORTS,baja,3200cc-4800cc,2,"0,000170399587032","0,02"
Elan& Elise,All,Lotus,F: SPORTS,baja,mayor 4800cc,26,"0,000170399587032","0,02"
Esprit,All,Lotus,F: SPORTS,baja,menor 1500cc,6,"0,000170399587032","0,02"
121,All,Mazda,A: MINIS & SUPERMINIS,baja,menor 1500cc,24,"0,008935954814039","0,89"
2,All,Mazda,A: MINIS & SUPERMINIS,alta,2500cc-3200cc,5,"0,008935954814039","0,89"
Demio,All,Mazda,A: MINIS & SUPERMINIS,alta,3200cc-4800cc,21,"0,008935954814039","0,89"
Premacy,All,Mazda,A: MINIS & SUPERMINIS,alta,1500cc – 2000cc,21,"0,008935954814039","0,89"
3,All,Mazda,B: SMALL SALOONS,alta,mayor 4800cc,35,"0,008935954814039","0,89"
323& 1300,All,Mazda,B: SMALL SALOONS,baja,menor 1500cc,667,"0,008935954814039","0,89"
6,All,Mazda,C: MEDIUM SALOONS,alta,menor 1500cc,100,"0,008935954814039","0,89"
626,All,Mazda,C: MEDIUM SALOONS,alta,2500cc-3200cc,376,"0,008935954814039","0,89"
Xedos 6,All,Mazda,C: MEDIUM SALOONS,baja,3200cc-4800cc,52,"0,008935954814039","0,89"
Xedos 9,All,Mazda,D: LARGE SALOONS,baja,2000cc-2500cc,10,"0,008935954814039","0,89"
MX-3,All,Mazda,F: SPORTS,baja,2500cc-3200cc,96,"0,008935954814039","0,89"
MX-5,All,Mazda,F: SPORTS,baja,3200cc-4800cc,239,"0,008935954814039","0,89"
MX-6,All,Mazda,F: SPORTS,alta,1500cc – 2000cc,30,"0,008935954814039","0,89"
RX-7,All,Mazda,F: SPORTS,alta,2000cc-2500cc,19,"0,008935954814039","0,89"
RX-8,All,Mazda,F: SPORTS,alta,2500cc-3200cc,85,"0,008935954814039","0,89"
MPV,All,Mazda,G: 4x4 & PEOPLE CARRIER,media,2000cc-2500cc,1,"0,008935954814039","0,89"
Tribute,All,Mazda,G: 4x4 & PEOPLE CARRIER,alta,2500cc-3200cc,2,"0,008935954814039","0,89"
Smart,All,MCC,A: MINIS & SUPERMINIS,baja,2000cc-2500cc,147,"0,000736727626284","0,07"
A Class,All,Mercedes,A: MINIS & SUPERMINIS,media,2500cc-3200cc,423,"0,02897795330049","2,9"
190,All,Mercedes,C: MEDIUM SALOONS,media,1500cc – 2000cc,672,"0,02897795330049","2,9"
C Class,All,Mercedes,C: MEDIUM SALOONS,media,2000cc-2500cc,1335,"0,02897795330049","2,9"
200 Series,All,Mercedes,D: LARGE SALOONS,media,2500cc-3200cc,617,"0,02897795330049","2,9"
300 Series,All,Mercedes,D: LARGE SALOONS,media,1500cc – 2000cc,352,"0,02897795330049","2,9"
400 Series,All,Mercedes,D: LARGE SALOONS,alta,2000cc-2500cc,28,"0,02897795330049","2,9"
500 Series,All,Mercedes,D: LARGE SALOONS,alta,3200cc-4800cc,7,"0,02897795330049","2,9"
E Class,All,Mercedes,D: LARGE SALOONS,media,mayor 4800cc,995,"0,02897795330049","2,9"
S Class,All,Mercedes,E: LUXURY SALOONS,alta,2500cc-3200cc,344,"0,02897795330049","2,9"
CLK,All,Mercedes,F: SPORTS,baja,1500cc – 2000cc,460,"0,02897795330049","2,9"
SLK,All,Mercedes,F: SPORTS,media,2000cc-2500cc,184,"0,02897795330049","2,9"
G-Wagen,All,Mercedes,G: 4x4 & PEOPLE CARRIER,alta,1500cc – 2000cc,7,"0,02897795330049","2,9"
M Class,All,Mercedes,G: 4x4 & PEOPLE CARRIER,ata,2000cc-2500cc,300,"0,02897795330049","2,9"
V Class,All,Mercedes,G: 4x4 & PEOPLE CARRIER,alta,3200cc-4800cc,56,"0,02897795330049","2,9"
Vaneo,All,Mercedes,G: 4x4 & PEOPLE CARRIER,alta,mayor 4800cc,2,"0,02897795330049","2,9"
ZR,All,MG,B: SMALL SALOONS,baja,2500cc-3200cc,542,"0,008269391723592","0,83"
ZS,All,MG,C: MEDIUM SALOONS,alta,2500cc-3200cc,90,"0,008269391723592","0,83"
ZT And ZT-T,All,MG,D: LARGE SALOONS,media,menor 1500cc,93,"0,008269391723592","0,83"
A& C& RV8& TA& TB& TC& TD/TF,All,MG,F: SPORTS,media,3200cc-4800cc,0,"0,008269391723592","0,83"
B,All,MG,F: SPORTS,alta,mayor 4800cc,120,"0,008269391723592","0,83"
MG F,All,MG,F: SPORTS,alta,menor 1500cc,378,"0,008269391723592","0,83"
Midget,All,MG,F: SPORTS,media,2500cc-3200cc,28,"0,008269391723592","0,83"
TF,All,MG,F: SPORTS,media,3200cc-4800cc,399,"0,008269391723592","0,83"
Colt& Cordia& Tredia,All,Mitsubishi/Colt,B: SMALL SALOONS,baja,3200cc-4800cc,2,"0,00708661811949","0,71"
Colt Space Star,All,Mitsubishi/Colt,B: SMALL SALOONS,baja,1500cc – 2000cc,12,"0,00708661811949","0,71"
Space Star,All,Mitsubishi/Colt,B: SMALL SALOONS,baja,2000cc-2500cc,24,"0,00708661811949","0,71"
Carisma& Eclipse,All,Mitsubishi/Colt,C: MEDIUM SALOONS,alta,1500cc – 2000cc,155,"0,00708661811949","0,71"
Galant,All,Mitsubishi/Colt,C: MEDIUM SALOONS,media,2000cc-2500cc,163,"0,00708661811949","0,71"
Lancer,All,Mitsubishi/Colt,C: MEDIUM SALOONS,media,3200cc-4800cc,111,"0,00708661811949","0,71"
Sapporo& Sigma,All,Mitsubishi/Colt,D: LARGE SALOONS,media,2500cc-3200cc,8,"0,00708661811949","0,71"
3000& Starion,All,Mitsubishi/Colt,F: SPORTS,media,1500cc – 2000cc,16,"0,00708661811949","0,71"
Challenger,All,Mitsubishi/Colt,G: 4x4 & PEOPLE CARRIER,baja,menor 1500cc,12,"0,00708661811949","0,71"
Outlander,All,Mitsubishi/Colt,G: 4x4 & PEOPLE CARRIER,baja,2500cc-3200cc,5,"0,00708661811949","0,71"
Shogun Pinin,All,Mitsubishi/Colt,G: 4x4 & PEOPLE CARRIER,baja,3200cc-4800cc,14,"0,00708661811949","0,71"
Shogun Sport,All,Mitsubishi/Colt,G: 4x4 & PEOPLE CARRIER,baja,1500cc – 2000cc,50,"0,00708661811949","0,71"
Shogun,Other,Mitsubishi/Colt,G: 4x4 & PEOPLE CARRIER,baja,2000cc-2500cc,725,"0,00708661811949","0,71"
Space Runner& Space Wagon,All,Mitsubishi/Colt,G: 4x4 & PEOPLE CARRIER,alta,2500cc-3200cc,117,"0,00708661811949","0,71"
Micra,Colette,Nissan/Datsun,A: MINIS & SUPERMINIS,media,1500cc – 2000cc,232,"0,054252221459322","5,43"
Micra,Equation,Nissan/Datsun,A: MINIS & SUPERMINIS,alta,2000cc-2500cc,44,"0,054252221459322","5,43"
Micra,GL,Nissan/Datsun,A: MINIS & SUPERMINIS,alta,3200cc-4800cc,45,"0,054252221459322","5,43"
Micra,GS,Nissan/Datsun,A: MINIS & SUPERMINIS,media,mayor 4800cc,551,"0,054252221459322","5,43"
Micra,GSX,Nissan/Datsun,A: MINIS & SUPERMINIS,media,menor 1500cc,430,"0,054252221459322","5,43"
Micra,GX,Nissan/Datsun,A: MINIS & SUPERMINIS,media,2500cc-3200cc,93,"0,054252221459322","5,43"
Micra,L Shape,Nissan/Datsun,A: MINIS & SUPERMINIS,media,3200cc-4800cc,89,"0,054252221459322","5,43"
Micra,L& LX,Nissan/Datsun,A: MINIS & SUPERMINIS,media,1500cc – 2000cc,1319,"0,054252221459322","5,43"
Micra,LS,Nissan/Datsun,A: MINIS & SUPERMINIS,alta,2000cc-2500cc,1395,"0,054252221459322","5,43"
Micra,Profile,Nissan/Datsun,A: MINIS & SUPERMINIS,alta,2500cc-3200cc,30,"0,054252221459322","5,43"
Micra,S& SE,Nissan/Datsun,A: MINIS & SUPERMINIS,ata,1500cc – 2000cc,281,"0,054252221459322","5,43"
Micra,SI,Nissan/Datsun,A: MINIS & SUPERMINIS,alta,2000cc-2500cc,6,"0,054252221459322","5,43"
Micra,SLX,Nissan/Datsun,A: MINIS & SUPERMINIS,alta,3200cc-4800cc,59,"0,054252221459322","5,43"
Micra,SR,Nissan/Datsun,A: MINIS & SUPERMINIS,baja,mayor 4800cc,8,"0,054252221459322","5,43"
Micra,Other,Nissan/Datsun,A: MINIS & SUPERMINIS,baja,menor 1500cc,857,"0,054252221459322","5,43"
Almera,All (Excluding Tino),Nissan/Datsun,B: SMALL SALOONS,alta,2500cc-3200cc,476,"0,054252221459322","5,43"
Cherry,All,Nissan/Datsun,B: SMALL SALOONS,alta,1500cc – 2000cc,46,"0,054252221459322","5,43"
Sunny,100 NX,Nissan/Datsun,B: SMALL SALOONS,alta,2000cc-2500cc,72,"0,054252221459322","5,43"
Sunny,GS,Nissan/Datsun,B: SMALL SALOONS,baja,3200cc-4800cc,166,"0,054252221459322","5,43"
Sunny,GSX,Nissan/Datsun,B: SMALL SALOONS,media,mayor 4800cc,44,"0,054252221459322","5,43"
Sunny,GTI& GTIR,Nissan/Datsun,B: SMALL SALOONS,media,menor 1500cc,5,"0,054252221459322","5,43"
Sunny,L,Nissan/Datsun,B: SMALL SALOONS,alta,2500cc-3200cc,130,"0,054252221459322","5,43"
Sunny,LS,Nissan/Datsun,B: SMALL SALOONS,alta,3200cc-4800cc,433,"0,054252221459322","5,43"
Sunny,LX,Nissan/Datsun,B: SMALL SALOONS,media,1500cc – 2000cc,517,"0,054252221459322","5,43"
Sunny,SGL,Nissan/Datsun,B: SMALL SALOONS,media,2000cc-2500cc,24,"0,054252221459322","5,43"
Sunny,SLX,Nissan/Datsun,B: SMALL SALOONS,media,2500cc-3200cc,155,"0,054252221459322","5,43"
Sunny,Other& GL& SGX,Nissan/Datsun,B: SMALL SALOONS,media,1500cc – 2000cc,465,"0,054252221459322","5,43"
Bluebird,All,Nissan/Datsun,C: MEDIUM SALOONS,media,mayor 4800cc,702,"0,054252221459322","5,43"
Primera,All,Nissan/Datsun,C: MEDIUM SALOONS,media,menor 1500cc,1419,"0,054252221459322","5,43"
280c& 300c& Laurel& Skyline,All,Nissan/Datsun,D: LARGE SALOONS,media,3200cc-4800cc,25,"0,054252221459322","5,43"
Maxima,All,Nissan/Datsun,D: LARGE SALOONS,media,1500cc – 2000cc,18,"0,054252221459322","5,43"
QX,All,Nissan/Datsun,D: LARGE SALOONS,alta,2000cc-2500cc,0,"0,054252221459322","5,43"
200& Silvia,All,Nissan/Datsun,F: SPORTS,media,2000cc-2500cc,119,"0,054252221459322","5,43"
280& 300,All,Nissan/Datsun,F: SPORTS,media,2500cc-3200cc,21,"0,054252221459322","5,43"
350Z,All,Nissan/Datsun,F: SPORTS,alta,1500cc – 2000cc,34,"0,054252221459322","5,43"
Almera,Tino,Nissan/Datsun,G: 4x4 & PEOPLE CARRIER,alta,1500cc – 2000cc,72,"0,054252221459322","5,43"
Patrol,All,Nissan/Datsun,G: 4x4 & PEOPLE CARRIER,alta,2000cc-2500cc,44,"0,054252221459322","5,43"
Prairie,All,Nissan/Datsun,G: 4x4 & PEOPLE CARRIER,baja,3200cc-4800cc,73,"0,054252221459322","5,43"
Serena,All,Nissan/Datsun,G: 4x4 & PEOPLE CARRIER,media,mayor 4800cc,125,"0,054252221459322","5,43"
Terrano,All,Nissan/Datsun,G: 4x4 & PEOPLE CARRIER,media,menor 1500cc,139,"0,054252221459322","5,43"
X-Trail,All,Nissan/Datsun,G: 4x4 & PEOPLE CARRIER,alta,2500cc-3200cc,62,"0,054252221459322","5,43"
Kelisa,All,Perodua,A: MINIS & SUPERMINIS,baja,2500cc-3200cc,3,"7,01645358365367E-05","0,01"
Nippa,All,Perodua,C: MEDIUM SALOONS,media,2500cc-3200cc,9,"7,01645358365367E-05","0,01"
Kenari,All,Perodua,G: 4x4 & PEOPLE CARRIER,alta,3200cc-4800cc,2,"7,01645358365367E-05","0,01"
106,Escapade,Peugeot,A: MINIS & SUPERMINIS,baja,3200cc-4800cc,52,"0,050663806626539","5,07"
106,GTI,Peugeot,A: MINIS & SUPERMINIS,baja,1500cc – 2000cc,44,"0,050663806626539","5,07"
106,Rallye,Peugeot,A: MINIS & SUPERMINIS,alta,2000cc-2500cc,6,"0,050663806626539","5,07"
106,XL,Peugeot,A: MINIS & SUPERMINIS,alta,2500cc-3200cc,50,"0,050663806626539","5,07"
106,XLD,Peugeot,A: MINIS & SUPERMINIS,alta,1500cc – 2000cc,24,"0,050663806626539","5,07"
106,XN,Peugeot,A: MINIS & SUPERMINIS,baja,2000cc-2500cc,184,"0,050663806626539","5,07"
106,XND,Peugeot,A: MINIS & SUPERMINIS,media,3200cc-4800cc,108,"0,050663806626539","5,07"
106,XR,Peugeot,A: MINIS & SUPERMINIS,media,mayor 4800cc,104,"0,050663806626539","5,07"
106,XRD,Peugeot,A: MINIS & SUPERMINIS,alta,menor 1500cc,37,"0,050663806626539","5,07"
106,XS,Peugeot,A: MINIS & SUPERMINIS,alta,2500cc-3200cc,8,"0,050663806626539","5,07"
106,XSI,Peugeot,A: MINIS & SUPERMINIS,media,3200cc-4800cc,29,"0,050663806626539","5,07"
106,XT,Peugeot,A: MINIS & SUPERMINIS,media,1500cc – 2000cc,26,"0,050663806626539","5,07"
106,XTD,Peugeot,A: MINIS & SUPERMINIS,media,2000cc-2500cc,8,"0,050663806626539","5,07"
106,Zest,Peugeot,A: MINIS & SUPERMINIS,media,2500cc-3200cc,247,"0,050663806626539","5,07"
106,Other,Peugeot,A: MINIS & SUPERMINIS,media,1500cc – 2000cc,491,"0,050663806626539","5,07"
107,All,Peugeot,A: MINIS & SUPERMINIS,alta,2000cc-2500cc,0,"0,050663806626539","5,07"
205,GL,Peugeot,A: MINIS & SUPERMINIS,alta,3200cc-4800cc,75,"0,050663806626539","5,07"
205,GR& XT& Lacoste,Peugeot,A: MINIS & SUPERMINIS,ata,mayor 4800cc,73,"0,050663806626539","5,07"
205,GRD& GLD& XLD,Peugeot,A: MINIS & SUPERMINIS,alta,menor 1500cc,172,"0,050663806626539","5,07"
205,GRDT& XRDT,Peugeot,A: MINIS & SUPERMINIS,alta,2500cc-3200cc,4,"0,050663806626539","5,07"
205,GT,Peugeot,A: MINIS & SUPERMINIS,baja,3200cc-4800cc,17,"0,050663806626539","5,07"
205,GTI,Peugeot,A: MINIS & SUPERMINIS,baja,1500cc – 2000cc,138,"0,050663806626539","5,07"
205,XL,Peugeot,A: MINIS & SUPERMINIS,baja,2000cc-2500cc,59,"0,050663806626539","5,07"
205,XR,Peugeot,A: MINIS & SUPERMINIS,baja,2500cc-3200cc,12,"0,050663806626539","5,07"
205,XS,Peugeot,A: MINIS & SUPERMINIS,baja,1500cc – 2000cc,53,"0,050663806626539","5,07"
205,Other& GTX,Peugeot,A: MINIS & SUPERMINIS,alta,2000cc-2500cc,590,"0,050663806626539","5,07"
206,All,Peugeot,A: MINIS & SUPERMINIS,alta,3200cc-4800cc,2190,"0,050663806626539","5,07"
1007,All,Peugeot,A: MINIS & SUPERMINIS,alta,mayor 4800cc,2,"0,050663806626539","5,07"
306,Cabriolet& Roadster,Peugeot,B: SMALL SALOONS,media,2000cc-2500cc,86,"0,050663806626539","5,07"
306,D,Peugeot,B: SMALL SALOONS,alta,3200cc-4800cc,372,"0,050663806626539","5,07"
306,GLX,Peugeot,B: SMALL SALOONS,alta,mayor 4800cc,67,"0,050663806626539","5,07"
306,GTI-6,Peugeot,B: SMALL SALOONS,ata,menor 1500cc,51,"0,050663806626539","5,07"
306,L,Peugeot,B: SMALL SALOONS,alta,2500cc-3200cc,46,"0,050663806626539","5,07"
306,LX,Peugeot,B: SMALL SALOONS,alta,3200cc-4800cc,236,"0,050663806626539","5,07"
306,SL& SLDT,Peugeot,B: SMALL SALOONS,baja,1500cc – 2000cc,10,"0,050663806626539","5,07"
306,ST& STDT,Peugeot,B: SMALL SALOONS,baja,2000cc-2500cc,4,"0,050663806626539","5,07"
306,Style,Peugeot,B: SMALL SALOONS,baja,2500cc-3200cc,14,"0,050663806626539","5,07"
306,XL,Peugeot,B: SMALL SALOONS,baja,1500cc – 2000cc,114,"0,050663806626539","5,07"
306,XLD,Peugeot,B: SMALL SALOONS,baja,2000cc-2500cc,120,"0,050663806626539","5,07"
306,XLDT,Peugeot,B: SMALL SALOONS,alta,3200cc-4800cc,43,"0,050663806626539","5,07"
306,XN,Peugeot,B: SMALL SALOONS,alta,mayor 4800cc,65,"0,050663806626539","5,07"
306,XND,Peugeot,B: SMALL SALOONS,alta,menor 1500cc,50,"0,050663806626539","5,07"
306,XR,Peugeot,B: SMALL SALOONS,baja,2500cc-3200cc,47,"0,050663806626539","5,07"
306,XRDT,Peugeot,B: SMALL SALOONS,media,3200cc-4800cc,70,"0,050663806626539","5,07"
306,XS,Peugeot,B: SMALL SALOONS,media,1500cc – 2000cc,49,"0,050663806626539","5,07"
306,XSI,Peugeot,B: SMALL SALOONS,alta,2000cc-2500cc,93,"0,050663806626539","5,07"
306,XT,Peugeot,B: SMALL SALOONS,alta,2500cc-3200cc,41,"0,050663806626539","5,07"
306,XTDT,Peugeot,B: SMALL SALOONS,media,1500cc – 2000cc,42,"0,050663806626539","5,07"
306,Other,Peugeot,B: SMALL SALOONS,media,2000cc-2500cc,373,"0,050663806626539","5,07"
307,All,Peugeot,B: SMALL SALOONS,media,3200cc-4800cc,664,"0,050663806626539","5,07"
309,All,Peugeot,B: SMALL SALOONS,media,mayor 4800cc,362,"0,050663806626539","5,07"
304& 305& 404,All,Peugeot,C: MEDIUM SALOONS,alta,3200cc-4800cc,8,"0,050663806626539","5,07"
405,GL,Peugeot,C: MEDIUM SALOONS,alta,1500cc – 2000cc,106,"0,050663806626539","5,07"
405,GLD,Peugeot,C: MEDIUM SALOONS,ata,2000cc-2500cc,93,"0,050663806626539","5,07"
405,GLDT,Peugeot,C: MEDIUM SALOONS,alta,2500cc-3200cc,92,"0,050663806626539","5,07"
405,GLX,Peugeot,C: MEDIUM SALOONS,alta,1500cc – 2000cc,184,"0,050663806626539","5,07"
405,GR,Peugeot,C: MEDIUM SALOONS,baja,2000cc-2500cc,66,"0,050663806626539","5,07"
405,GRD,Peugeot,C: MEDIUM SALOONS,baja,3200cc-4800cc,22,"0,050663806626539","5,07"
405,GRDT,Peugeot,C: MEDIUM SALOONS,baja,mayor 4800cc,63,"0,050663806626539","5,07"
405,GTDT,Peugeot,C: MEDIUM SALOONS,baja,menor 1500cc,0,"0,050663806626539","5,07"
405,GTX,Peugeot,C: MEDIUM SALOONS,baja,2500cc-3200cc,43,"0,050663806626539","5,07"
405,GTX DT,Peugeot,C: MEDIUM SALOONS,alta,3200cc-4800cc,0,"0,050663806626539","5,07"
405,SRI,Peugeot,C: MEDIUM SALOONS,alta,1500cc – 2000cc,27,"0,050663806626539","5,07"
405,Style,Peugeot,C: MEDIUM SALOONS,alta,2000cc-2500cc,80,"0,050663806626539","5,07"
405,Other,Peugeot,C: MEDIUM SALOONS,baja,2500cc-3200cc,125,"0,050663806626539","5,07"
406,All,Peugeot,C: MEDIUM SALOONS,media,1500cc – 2000cc,1151,"0,050663806626539","5,07"
407,All,Peugeot,C: MEDIUM SALOONS,media,2000cc-2500cc,71,"0,050663806626539","5,07"
504& 505,All,Peugeot,D: LARGE SALOONS,alta,2500cc-3200cc,40,"0,050663806626539","5,07"
604& 605,All,Peugeot,D: LARGE SALOONS,ata,1500cc – 2000cc,30,"0,050663806626539","5,07"
607,All,Peugeot,D: LARGE SALOONS,alta,2000cc-2500cc,16,"0,050663806626539","5,07"
806,All,Peugeot,G: 4x4 & PEOPLE CARRIER,media,1500cc – 2000cc,37,"0,050663806626539","5,07"
807,All,Peugeot,G: 4x4 & PEOPLE CARRIER,media,2000cc-2500cc,17,"0,050663806626539","5,07"
Partner Combi,All,Peugeot,G: 4x4 & PEOPLE CARRIER,media,2500cc-3200cc,16,"0,050663806626539","5,07"
911,All,Porsche,F: SPORTS,alta,2000cc-2500cc,196,"0,002525923290115","0,25"
924,All,Porsche,F: SPORTS,ata,3200cc-4800cc,26,"0,002525923290115","0,25"
928,All,Porsche,F: SPORTS,alta,mayor 4800cc,16,"0,002525923290115","0,25"
944& 968,All,Porsche,F: SPORTS,alta,menor 1500cc,38,"0,002525923290115","0,25"
Boxster,All,Porsche,F: SPORTS,baja,2500cc-3200cc,160,"0,002525923290115","0,25"
Carrera,All,Porsche,F: SPORTS,baja,3200cc-4800cc,11,"0,002525923290115","0,25"
Cayenne,All,Porsche,G: 4x4 & PEOPLE CARRIER,media,1500cc – 2000cc,57,"0,002525923290115","0,25"
GE& GL,All,Proton,B: SMALL SALOONS,media,menor 1500cc,103,"0,00202474803414","0,2"
GLS,All,Proton,B: SMALL SALOONS,alta,2500cc-3200cc,51,"0,00202474803414","0,2"
Persona,All,Proton,B: SMALL SALOONS,alta,3200cc-4800cc,161,"0,00202474803414","0,2"
Prism& SE& SL,All,Proton,B: SMALL SALOONS,ata,1500cc – 2000cc,60,"0,00202474803414","0,2"
Satria,All,Proton,B: SMALL SALOONS,alta,2000cc-2500cc,8,"0,00202474803414","0,2"
Wira,All,Proton,B: SMALL SALOONS,alta,2500cc-3200cc,16,"0,00202474803414","0,2"
Impian,All,Proton,C: MEDIUM SALOONS,alta,3200cc-4800cc,5,"0,00202474803414","0,2"
Sabre& Scimitar,All,Reliant,F: SPORTS,baja,1500cc – 2000cc,45,"0,000225528865189","0,02"
4& 5& 6& 8& 10,All,Renault,A: MINIS & SUPERMINIS,baja,menor 1500cc,507,"0,038876164606001","3,89"
Clio,Authentique,Renault,A: MINIS & SUPERMINIS,media,2500cc-3200cc,134,"0,038876164606001","3,89"
Clio,Dynamique,Renault,A: MINIS & SUPERMINIS,media,3200cc-4800cc,360,"0,038876164606001","3,89"
Clio,Expression,Renault,A: MINIS & SUPERMINIS,alta,1500cc – 2000cc,244,"0,038876164606001","3,89"
Clio,RL,Renault,A: MINIS & SUPERMINIS,alta,2000cc-2500cc,497,"0,038876164606001","3,89"
Clio,RN,Renault,A: MINIS & SUPERMINIS,media,2500cc-3200cc,487,"0,038876164606001","3,89"
Clio,RT,Renault,A: MINIS & SUPERMINIS,media,1500cc – 2000cc,506,"0,038876164606001","3,89"
Clio,Other& Williams,Renault,A: MINIS & SUPERMINIS,media,2000cc-2500cc,979,"0,038876164606001","3,89"
Modus,All,Renault,A: MINIS & SUPERMINIS,media,3200cc-4800cc,24,"0,038876164606001","3,89"
9,All,Renault,B: SMALL SALOONS,baja,1500cc – 2000cc,14,"0,038876164606001","3,89"
11& 12& 14& 15& 16,All,Renault,B: SMALL SALOONS,baja,2000cc-2500cc,16,"0,038876164606001","3,89"
19,All,Renault,B: SMALL SALOONS,baja,3200cc-4800cc,550,"0,038876164606001","3,89"
Megane,Cabriolet,Renault,B: SMALL SALOONS,baja,mayor 4800cc,35,"0,038876164606001","3,89"
Megane,Classic,Renault,B: SMALL SALOONS,baja,menor 1500cc,55,"0,038876164606001","3,89"
Megane,Coupe,Renault,B: SMALL SALOONS,alta,2500cc-3200cc,65,"0,038876164606001","3,89"
Megane,Other,Renault,B: SMALL SALOONS,alta,3200cc-4800cc,1027,"0,038876164606001","3,89"
21& Savanna,All,Renault,C: MEDIUM SALOONS,alta,mayor 4800cc,125,"0,038876164606001","3,89"
Laguna,All,Renault,C: MEDIUM SALOONS,media,menor 1500cc,1188,"0,038876164606001","3,89"
25& 30,All,Renault,D: LARGE SALOONS,alta,3200cc-4800cc,31,"0,038876164606001","3,89"
Safrane,All,Renault,D: LARGE SALOONS,baja,mayor 4800cc,38,"0,038876164606001","3,89"
Vel Satis,All,Renault,D: LARGE SALOONS,baja,menor 1500cc,2,"0,038876164606001","3,89"
Espace& Grand Espace,All,Renault,G: 4x4 & PEOPLE CARRIER,media,2000cc-2500cc,338,"0,038876164606001","3,89"
Kangoo,All,Renault,G: 4x4 & PEOPLE CARRIER,alta,3200cc-4800cc,12,"0,038876164606001","3,89"
Megane,Scenic,Renault,G: 4x4 & PEOPLE CARRIER,alta,mayor 4800cc,440,"0,038876164606001","3,89"
Scenic& Grand Scenic,All,Renault,G: 4x4 & PEOPLE CARRIER,ata,menor 1500cc,83,"0,038876164606001","3,89"
ninguno,All,Rolls-Royce,E: LUXURY SALOONS,ata,3200cc-4800cc,38,"0,000190446597271","0,02"
100& 111& 114& 115& 1100,All,Rover Cars,A: MINIS & SUPERMINIS,media,mayor 4800cc,571,"0,069528043261448","6,95"
25,All,Rover Cars,A: MINIS & SUPERMINIS,alta,menor 1500cc,603,"0,069528043261448","6,95"
Cityrover,All,Rover Cars,A: MINIS & SUPERMINIS,alta,2500cc-3200cc,23,"0,069528043261448","6,95"
Metro,C,Rover Cars,A: MINIS & SUPERMINIS,ata,3200cc-4800cc,529,"0,069528043261448","6,95"
Metro,CD,Rover Cars,A: MINIS & SUPERMINIS,alta,1500cc – 2000cc,102,"0,069528043261448","6,95"
Metro,L& LE,Rover Cars,A: MINIS & SUPERMINIS,alta,2000cc-2500cc,639,"0,069528043261448","6,95"
Metro,LD,Rover Cars,A: MINIS & SUPERMINIS,baja,2500cc-3200cc,80,"0,069528043261448","6,95"
Metro,S I,Rover Cars,A: MINIS & SUPERMINIS,baja,1500cc – 2000cc,121,"0,069528043261448","6,95"
Metro,S& SD,Rover Cars,A: MINIS & SUPERMINIS,baja,2000cc-2500cc,1010,"0,069528043261448","6,95"
Metro,SL,Rover Cars,A: MINIS & SUPERMINIS,baja,3200cc-4800cc,98,"0,069528043261448","6,95"
Metro,Other,Rover Cars,A: MINIS & SUPERMINIS,baja,mayor 4800cc,2244,"0,069528043261448","6,95"
Mini,All,Rover Cars,A: MINIS & SUPERMINIS,alta,menor 1500cc,327,"0,069528043261448","6,95"
Streetwise,All,Rover Cars,A: MINIS & SUPERMINIS,alta,2500cc-3200cc,14,"0,069528043261448","6,95"
45,All,Rover Cars,B: SMALL SALOONS,alta,1500cc – 2000cc,155,"0,069528043261448","6,95"
200,All,Rover Cars,B: SMALL SALOONS,baja,2000cc-2500cc,37,"0,069528043261448","6,95"
211,All,Rover Cars,B: SMALL SALOONS,media,2500cc-3200cc,25,"0,069528043261448","6,95"
213,All,Rover Cars,B: SMALL SALOONS,media,1500cc – 2000cc,47,"0,069528043261448","6,95"
214,All,Rover Cars,B: SMALL SALOONS,alta,2000cc-2500cc,1866,"0,069528043261448","6,95"
216,All,Rover Cars,B: SMALL SALOONS,alta,3200cc-4800cc,998,"0,069528043261448","6,95"
218,All,Rover Cars,B: SMALL SALOONS,media,mayor 4800cc,249,"0,069528043261448","6,95"
220,All,Rover Cars,B: SMALL SALOONS,media,menor 1500cc,324,"0,069528043261448","6,95"
414,All,Rover Cars,B: SMALL SALOONS,media,2500cc-3200cc,543,"0,069528043261448","6,95"
416,All,Rover Cars,B: SMALL SALOONS,media,3200cc-4800cc,961,"0,069528043261448","6,95"
418,All,Rover Cars,B: SMALL SALOONS,media,1500cc – 2000cc,79,"0,069528043261448","6,95"
420,All,Rover Cars,B: SMALL SALOONS,alta,2000cc-2500cc,298,"0,069528043261448","6,95"
Maestro,All,Rover Cars,B: SMALL SALOONS,alta,2500cc-3200cc,230,"0,069528043261448","6,95"
Tourer,All,Rover Cars,B: SMALL SALOONS,ata,1500cc – 2000cc,29,"0,069528043261448","6,95"
75,All,Rover Cars,C: MEDIUM SALOONS,media,2500cc-3200cc,266,"0,069528043261448","6,95"
618,All,Rover Cars,C: MEDIUM SALOONS,media,3200cc-4800cc,69,"0,069528043261448","6,95"
620,All,Rover Cars,C: MEDIUM SALOONS,media,1500cc – 2000cc,583,"0,069528043261448","6,95"
623,All,Rover Cars,C: MEDIUM SALOONS,media,2000cc-2500cc,53,"0,069528043261448","6,95"
Montego,All,Rover Cars,C: MEDIUM SALOONS,alta,2500cc-3200cc,257,"0,069528043261448","6,95"
2000& 2200& 2300& 2400& 2600& 3.5& 3500,All,Rover Cars,D: LARGE SALOONS,baja,2500cc-3200cc,20,"0,069528043261448","6,95"
60& 75& 80& 90& 95& 105& 110& V8,All,Rover Cars,D: LARGE SALOONS,baja,3200cc-4800cc,41,"0,069528043261448","6,95"
Sterling& Vitesse& 800,All,Rover Cars,D: LARGE SALOONS,baja,1500cc – 2000cc,382,"0,069528043261448","6,95"
90& 99,All,Saab,D: LARGE SALOONS,alta,2000cc-2500cc,3,"0,005222246167262","0,52"
900,All,Saab,D: LARGE SALOONS,alta,2500cc-3200cc,304,"0,005222246167262","0,52"
9000,All,Saab,D: LARGE SALOONS,alta,1500cc – 2000cc,236,"0,005222246167262","0,52"
9-3,All,Saab,D: LARGE SALOONS,baja,2000cc-2500cc,335,"0,005222246167262","0,52"
9-5,All,Saab,D: LARGE SALOONS,media,3200cc-4800cc,158,"0,005222246167262","0,52"
95/96,All,Saab,D: LARGE SALOONS,media,mayor 4800cc,6,"0,005222246167262","0,52"
Arosa,All,Seat,A: MINIS & SUPERMINIS,alta,3200cc-4800cc,40,"0,003693661636538","0,37"
Marbella& Terra,All,Seat,A: MINIS & SUPERMINIS,baja,1500cc – 2000cc,39,"0,003693661636538","0,37"
Cordoba,All,Seat,B: SMALL SALOONS,alta,2000cc-2500cc,39,"0,003693661636538","0,37"
Ibiza,All,Seat,B: SMALL SALOONS,alta,3200cc-4800cc,291,"0,003693661636538","0,37"
Leon,All,Seat,B: SMALL SALOONS,baja,mayor 4800cc,143,"0,003693661636538","0,37"
Toledo,All,Seat,C: MEDIUM SALOONS,alta,1500cc – 2000cc,104,"0,003693661636538","0,37"
Alhambra,All,Seat,G: 4x4 & PEOPLE CARRIER,alta,2500cc-3200cc,71,"0,003693661636538","0,37"
Altea,All,Seat,G: 4x4 & PEOPLE CARRIER,alta,3200cc-4800cc,10,"0,003693661636538","0,37"
Fabia,All,Skoda,A: MINIS & SUPERMINIS,media,2000cc-2500cc,164,"0,003463121018789","0,35"
Combi& Estelle& Rapid& S,All,Skoda,B: SMALL SALOONS,baja,menor 1500cc,4,"0,003463121018789","0,35"
Favorit,All,Skoda,B: SMALL SALOONS,baja,2500cc-3200cc,126,"0,003463121018789","0,35"
Felicia,All,Skoda,B: SMALL SALOONS,baja,3200cc-4800cc,156,"0,003463121018789","0,35"
Octavia,All,Skoda,C: MEDIUM SALOONS,ata,2000cc-2500cc,230,"0,003463121018789","0,35"
Superb,All,Skoda,D: LARGE SALOONS,alta,menor 1500cc,11,"0,003463121018789","0,35"
Rexton,All,Ssangyong,G: 4x4 & PEOPLE CARRIER,baja,1500cc – 2000cc,3,"1,50352576792579E-05",0
Justy,All,Subaru,A: MINIS & SUPERMINIS,media,2500cc-3200cc,65,"0,004565706581935","0,46"
Impreza,All,Subaru,B: SMALL SALOONS,baja,1500cc – 2000cc,572,"0,004565706581935","0,46"
1.6& 1.8,All,Subaru,C: MEDIUM SALOONS,alta,3200cc-4800cc,12,"0,004565706581935","0,46"
Legacy,All,Subaru,C: MEDIUM SALOONS,alta,mayor 4800cc,231,"0,004565706581935","0,46"
Forester,All,Subaru,G: 4x4 & PEOPLE CARRIER,baja,2000cc-2500cc,31,"0,004565706581935","0,46"
Alto& Swift,All,Suzuki,A: MINIS & SUPERMINIS,alta,1500cc – 2000cc,272,"0,005031799569992","0,5"
Ignis,All,Suzuki,A: MINIS & SUPERMINIS,alta,2000cc-2500cc,22,"0,005031799569992","0,5"
Wagon R+,All,Suzuki,A: MINIS & SUPERMINIS,media,3200cc-4800cc,45,"0,005031799569992","0,5"
Baleno,All,Suzuki,B: SMALL SALOONS,alta,2000cc-2500cc,54,"0,005031799569992","0,5"
Liana,All,Suzuki,C: MEDIUM SALOONS,baja,menor 1500cc,6,"0,005031799569992","0,5"
Cappuccino& X-90,All,Suzuki,F: SPORTS,baja,2000cc-2500cc,6,"0,005031799569992","0,5"
Jimny,All,Suzuki,G: 4x4 & PEOPLE CARRIER,baja,2500cc-3200cc,31,"0,005031799569992","0,5"
Samurai& Santana& SJ 410& SJ 410Q& SJ 413,All,Suzuki,G: 4x4 & PEOPLE CARRIER,baja,1500cc – 2000cc,122,"0,005031799569992","0,5"
Vitara& Grand Vitara,All,Suzuki,G: 4x4 & PEOPLE CARRIER,baja,2000cc-2500cc,446,"0,005031799569992","0,5"
Samba& Sunbeam,All,Talbot,A: MINIS & SUPERMINIS,media,mayor 4800cc,0,"0,000456069482937","0,05"
Avenger& Horizon& Hunter,All,Talbot,B: SMALL SALOONS,alta,2500cc-3200cc,4,"0,000456069482937","0,05"
1000& Starlet,All,Toyota,A: MINIS & SUPERMINIS,media,menor 1500cc,87,"0,025038715788524","2,5"
Aygo,All,Toyota,A: MINIS & SUPERMINIS,media,2500cc-3200cc,2,"0,025038715788524","2,5"
Yaris,All,Toyota,A: MINIS & SUPERMINIS,media,3200cc-4800cc,422,"0,025038715788524","2,5"
Yaris Verso,All,Toyota,A: MINIS & SUPERMINIS,alta,1500cc – 2000cc,9,"0,025038715788524","2,5"
Corolla,All,Toyota,B: SMALL SALOONS,alta,1500cc – 2000cc,1236,"0,025038715788524","2,5"
Prius,All,Toyota,B: SMALL SALOONS,baja,2000cc-2500cc,7,"0,025038715788524","2,5"
Avensis,All,Toyota,C: MEDIUM SALOONS,baja,2500cc-3200cc,468,"0,025038715788524","2,5"
Carina,All,Toyota,C: MEDIUM SALOONS,baja,3200cc-4800cc,1193,"0,025038715788524","2,5"
Celica,All,Toyota,F: SPORTS,baja,2500cc-3200cc,471,"0,025038715788524","2,5"
MR2,All,Toyota,F: SPORTS,alta,1500cc – 2000cc,322,"0,025038715788524","2,5"
Paseo,All,Toyota,F: SPORTS,alta,2000cc-2500cc,14,"0,025038715788524","2,5"
Supra,All,Toyota,F: SPORTS,alta,3200cc-4800cc,88,"0,025038715788524","2,5"
4-Runner,All,Toyota,G: 4x4 & PEOPLE CARRIER,alta,3200cc-4800cc,17,"0,025038715788524","2,5"
Avensis Verso,All,Toyota,G: 4x4 & PEOPLE CARRIER,alta,mayor 4800cc,5,"0,025038715788524","2,5"
Landcruiser,Amazon,Toyota,G: 4x4 & PEOPLE CARRIER,alta,menor 1500cc,71,"0,025038715788524","2,5"
Landcruiser,Colorado,Toyota,G: 4x4 & PEOPLE CARRIER,baja,2500cc-3200cc,29,"0,025038715788524","2,5"
Landcruiser,Other,Toyota,G: 4x4 & PEOPLE CARRIER,media,3200cc-4800cc,169,"0,025038715788524","2,5"
Picnic& Previa,All,Toyota,G: 4x4 & PEOPLE CARRIER,media,1500cc – 2000cc,145,"0,025038715788524","2,5"
RAV 4,All,Toyota,G: 4x4 & PEOPLE CARRIER,alta,2000cc-2500cc,163,"0,025038715788524","2,5"
Spacecruiser,All,Toyota,G: 4x4 & PEOPLE CARRIER,alta,2500cc-3200cc,78,"0,025038715788524","2,5"
Acclaim,All,Triumph,B: SMALL SALOONS,media,3200cc-4800cc,6,"0,00060642205973","0,06"
Herald,All,Triumph,B: SMALL SALOONS,media,mayor 4800cc,18,"0,00060642205973","0,06"
2.5& 2500& Sprint& Toledo& Vitesse,All,Triumph,C: MEDIUM SALOONS,baja,1500cc – 2000cc,2,"0,00060642205973","0,06"
Dolomite,All,Triumph,C: MEDIUM SALOONS,baja,2000cc-2500cc,6,"0,00060642205973","0,06"
GT6& Stag,All,Triumph,F: SPORTS,baja,mayor 4800cc,49,"0,00060642205973","0,06"
Spitfire& TR,All,Triumph,F: SPORTS,media,menor 1500cc,40,"0,00060642205973","0,06"
ninguno,All,TVR,F: SPORTS,media,2500cc-3200cc,34,"0,000170399587032","0,02"
Agila,All,Vauxhall,A: MINIS & SUPERMINIS,alta,2000cc-2500cc,32,"0,169071472603255","16,91"
Chevette,All,Vauxhall,A: MINIS & SUPERMINIS,ata,2500cc-3200cc,5,"0,169071472603255","16,91"
Corsa,CDX,Vauxhall,A: MINIS & SUPERMINIS,alta,1500cc – 2000cc,32,"0,169071472603255","16,91"
Corsa,Elegance,Vauxhall,A: MINIS & SUPERMINIS,alta,2000cc-2500cc,53,"0,169071472603255","16,91"
Corsa,Envoy,Vauxhall,A: MINIS & SUPERMINIS,baja,3200cc-4800cc,195,"0,169071472603255","16,91"
Corsa,GLS,Vauxhall,A: MINIS & SUPERMINIS,baja,mayor 4800cc,327,"0,169071472603255","16,91"
Corsa,GSI,Vauxhall,A: MINIS & SUPERMINIS,baja,menor 1500cc,49,"0,169071472603255","16,91"
Corsa,LS,Vauxhall,A: MINIS & SUPERMINIS,baja,2500cc-3200cc,2012,"0,169071472603255","16,91"
Corsa,Merit,Vauxhall,A: MINIS & SUPERMINIS,baja,3200cc-4800cc,1356,"0,169071472603255","16,91"
Corsa,SRI,Vauxhall,A: MINIS & SUPERMINIS,alta,1500cc – 2000cc,228,"0,169071472603255","16,91"
Corsa,Other,Vauxhall,A: MINIS & SUPERMINIS,alta,2000cc-2500cc,2852,"0,169071472603255","16,91"
Nova,Merit,Vauxhall,A: MINIS & SUPERMINIS,alta,2500cc-3200cc,1382,"0,169071472603255","16,91"
Nova,SR,Vauxhall,A: MINIS & SUPERMINIS,baja,1500cc – 2000cc,174,"0,169071472603255","16,91"
Nova,SR I,Vauxhall,A: MINIS & SUPERMINIS,media,2000cc-2500cc,32,"0,169071472603255","16,91"
Nova,SX,Vauxhall,A: MINIS & SUPERMINIS,media,3200cc-4800cc,50,"0,169071472603255","16,91"
Nova,Other& S,Vauxhall,A: MINIS & SUPERMINIS,alta,mayor 4800cc,1904,"0,169071472603255","16,91"
Astra Mk1,All,Vauxhall,B: SMALL SALOONS,alta,menor 1500cc,18,"0,169071472603255","16,91"
Astra Mk2,GL,Vauxhall,B: SMALL SALOONS,alta,2500cc-3200cc,245,"0,169071472603255","16,91"
Astra Mk2,GTE,Vauxhall,B: SMALL SALOONS,media,3200cc-4800cc,110,"0,169071472603255","16,91"
Astra Mk2,L,Vauxhall,B: SMALL SALOONS,media,1500cc – 2000cc,1036,"0,169071472603255","16,91"
Astra Mk2,LX,Vauxhall,B: SMALL SALOONS,media,2000cc-2500cc,102,"0,169071472603255","16,91"
Astra Mk2,SR& SRI,Vauxhall,B: SMALL SALOONS,media,2500cc-3200cc,36,"0,169071472603255","16,91"
Astra Mk2,SX& SXI,Vauxhall,B: SMALL SALOONS,media,1500cc – 2000cc,62,"0,169071472603255","16,91"
Astra Mk2,Other,Vauxhall,B: SMALL SALOONS,alta,2000cc-2500cc,1271,"0,169071472603255","16,91"
Astra Mk3,GLS,Vauxhall,B: SMALL SALOONS,alta,3200cc-4800cc,556,"0,169071472603255","16,91"
Astra Mk3,GSI,Vauxhall,B: SMALL SALOONS,ata,mayor 4800cc,38,"0,169071472603255","16,91"
Astra Mk3,L,Vauxhall,B: SMALL SALOONS,alta,menor 1500cc,16,"0,169071472603255","16,91"
Astra Mk3,LS,Vauxhall,B: SMALL SALOONS,alta,2500cc-3200cc,1452,"0,169071472603255","16,91"
Astra Mk3,Merit,Vauxhall,B: SMALL SALOONS,baja,3200cc-4800cc,1497,"0,169071472603255","16,91"
Astra Mk3,SI,Vauxhall,B: SMALL SALOONS,baja,1500cc – 2000cc,87,"0,169071472603255","16,91"
Astra Mk3,SR& SRI,Vauxhall,B: SMALL SALOONS,baja,2000cc-2500cc,50,"0,169071472603255","16,91"
Astra Mk3,Other,Vauxhall,B: SMALL SALOONS,baja,2500cc-3200cc,938,"0,169071472603255","16,91"
Astra Mk4,Active,Vauxhall,B: SMALL SALOONS,baja,1500cc – 2000cc,13,"0,169071472603255","16,91"
Astra Mk4,CD,Vauxhall,B: SMALL SALOONS,alta,2000cc-2500cc,105,"0,169071472603255","16,91"
Astra Mk4,CDX,Vauxhall,B: SMALL SALOONS,alta,3200cc-4800cc,30,"0,169071472603255","16,91"
Astra Mk4,Club,Vauxhall,B: SMALL SALOONS,alta,mayor 4800cc,591,"0,169071472603255","16,91"
Astra Mk4,Envoy,Vauxhall,B: SMALL SALOONS,baja,menor 1500cc,346,"0,169071472603255","16,91"
Astra Mk4,LS,Vauxhall,B: SMALL SALOONS,media,2500cc-3200cc,673,"0,169071472603255","16,91"
Astra Mk4,Sport,Vauxhall,B: SMALL SALOONS,media,3200cc-4800cc,77,"0,169071472603255","16,91"
Astra Mk4,SRI 16V,Vauxhall,B: SMALL SALOONS,alta,1500cc – 2000cc,115,"0,169071472603255","16,91"
Astra Mk4,Other,Vauxhall,B: SMALL SALOONS,alta,2000cc-2500cc,699,"0,169071472603255","16,91"
Belmont& Kadett,All,Vauxhall,B: SMALL SALOONS,media,2500cc-3200cc,449,"0,169071472603255","16,91"
Cavalier,Envoy,Vauxhall,C: MEDIUM SALOONS,alta,2500cc-3200cc,103,"0,169071472603255","16,91"
Cavalier,GL& GLD,Vauxhall,C: MEDIUM SALOONS,alta,1500cc – 2000cc,583,"0,169071472603255","16,91"
Cavalier,GLI,Vauxhall,C: MEDIUM SALOONS,alta,2000cc-2500cc,278,"0,169071472603255","16,91"
Cavalier,GLS& GLS I,Vauxhall,C: MEDIUM SALOONS,baja,3200cc-4800cc,496,"0,169071472603255","16,91"
Cavalier,L,Vauxhall,C: MEDIUM SALOONS,media,mayor 4800cc,1345,"0,169071472603255","16,91"
Cavalier,LI,Vauxhall,C: MEDIUM SALOONS,media,menor 1500cc,200,"0,169071472603255","16,91"
Cavalier,LS,Vauxhall,C: MEDIUM SALOONS,alta,2500cc-3200cc,1043,"0,169071472603255","16,91"
Cavalier,SR& SRI,Vauxhall,C: MEDIUM SALOONS,alta,3200cc-4800cc,496,"0,169071472603255","16,91"
Cavalier,Other& LX& LXI,Vauxhall,C: MEDIUM SALOONS,media,1500cc – 2000cc,940,"0,169071472603255","16,91"
Vectra,Elegance,Vauxhall,C: MEDIUM SALOONS,media,2000cc-2500cc,44,"0,169071472603255","16,91"
Vectra,Elite,Vauxhall,C: MEDIUM SALOONS,media,2500cc-3200cc,28,"0,169071472603255","16,91"
Vectra,Envoy,Vauxhall,C: MEDIUM SALOONS,media,1500cc – 2000cc,89,"0,169071472603255","16,91"
Vectra,GLS,Vauxhall,C: MEDIUM SALOONS,media,2000cc-2500cc,534,"0,169071472603255","16,91"
Vectra,GSI,Vauxhall,C: MEDIUM SALOONS,alta,3200cc-4800cc,39,"0,169071472603255","16,91"
Vectra,LS,Vauxhall,C: MEDIUM SALOONS,alta,mayor 4800cc,1695,"0,169071472603255","16,91"
Vectra,SRI,Vauxhall,C: MEDIUM SALOONS,ata,menor 1500cc,545,"0,169071472603255","16,91"
Vectra,Other,Vauxhall,C: MEDIUM SALOONS,alta,2500cc-3200cc,783,"0,169071472603255","16,91"
Viva,All,Vauxhall,C: MEDIUM SALOONS,alta,3200cc-4800cc,2,"0,169071472603255","16,91"
Carlton,All,Vauxhall,D: LARGE SALOONS,alta,2500cc-3200cc,373,"0,169071472603255","16,91"
Cresta& Magnum& Monza& Velox& Ventora& VX,All,Vauxhall,D: LARGE SALOONS,media,3200cc-4800cc,2,"0,169071472603255","16,91"
Omega,All,Vauxhall,D: LARGE SALOONS,media,1500cc – 2000cc,595,"0,169071472603255","16,91"
Royale& Viceroy& Senator,All,Vauxhall,D: LARGE SALOONS,media,2000cc-2500cc,75,"0,169071472603255","16,91"
Signum,All,Vauxhall,D: LARGE SALOONS,media,2500cc-3200cc,42,"0,169071472603255","16,91"
Calibra,All,Vauxhall,F: SPORTS,alta,3200cc-4800cc,520,"0,169071472603255","16,91"
Manta,All,Vauxhall,F: SPORTS,alta,1500cc – 2000cc,4,"0,169071472603255","16,91"
Tigra,All,Vauxhall,F: SPORTS,media,2000cc-2500cc,354,"0,169071472603255","16,91"
VX 220,All,Vauxhall,F: SPORTS,media,2500cc-3200cc,8,"0,169071472603255","16,91"
Frontera& Monterey,All,Vauxhall,G: 4x4 & PEOPLE CARRIER,media,1500cc – 2000cc,560,"0,169071472603255","16,91"
Meriva,All,Vauxhall,G: 4x4 & PEOPLE CARRIER,media,2000cc-2500cc,66,"0,169071472603255","16,91"
Sintra,All,Vauxhall,G: 4x4 & PEOPLE CARRIER,media,3200cc-4800cc,28,"0,169071472603255","16,91"
Zafira,All,Vauxhall,G: 4x4 & PEOPLE CARRIER,media,mayor 4800cc,570,"0,169071472603255","16,91"
Beetle,All,Volkswagen,A: MINIS & SUPERMINIS,alta,menor 1500cc,302,"0,0563220752665","5,63"
Lupo,All,Volkswagen,A: MINIS & SUPERMINIS,media,2500cc-3200cc,92,"0,0563220752665","5,63"
Polo,C,Volkswagen,A: MINIS & SUPERMINIS,media,3200cc-4800cc,294,"0,0563220752665","5,63"
Polo,CL& CX,Volkswagen,A: MINIS & SUPERMINIS,media,1500cc – 2000cc,710,"0,0563220752665","5,63"
Polo,E,Volkswagen,A: MINIS & SUPERMINIS,media,2000cc-2500cc,201,"0,0563220752665","5,63"
Polo,GL,Volkswagen,A: MINIS & SUPERMINIS,media,2500cc-3200cc,44,"0,0563220752665","5,63"
Polo,GLX,Volkswagen,A: MINIS & SUPERMINIS,alta,1500cc – 2000cc,13,"0,0563220752665","5,63"
Polo,GTI,Volkswagen,A: MINIS & SUPERMINIS,alta,2000cc-2500cc,21,"0,0563220752665","5,63"
Polo,L& LS& LX,Volkswagen,A: MINIS & SUPERMINIS,ata,3200cc-4800cc,388,"0,0563220752665","5,63"
Polo,S,Volkswagen,A: MINIS & SUPERMINIS,alta,mayor 4800cc,179,"0,0563220752665","5,63"
Polo,SE,Volkswagen,A: MINIS & SUPERMINIS,alta,menor 1500cc,117,"0,0563220752665","5,63"
Polo,Other,Volkswagen,A: MINIS & SUPERMINIS,baja,2500cc-3200cc,647,"0,0563220752665","5,63"
411& 412& 1600& K70,All,Volkswagen,B: SMALL SALOONS,media,1500cc – 2000cc,3,"0,0563220752665","5,63"
Golf Mk1,All,Volkswagen,B: SMALL SALOONS,media,2000cc-2500cc,69,"0,0563220752665","5,63"
Golf Mk2,C,Volkswagen,B: SMALL SALOONS,media,3200cc-4800cc,71,"0,0563220752665","5,63"
Golf Mk2,CL,Volkswagen,B: SMALL SALOONS,media,mayor 4800cc,234,"0,0563220752665","5,63"
Golf Mk2,Driver,Volkswagen,B: SMALL SALOONS,alta,menor 1500cc,282,"0,0563220752665","5,63"
Golf Mk2,GL,Volkswagen,B: SMALL SALOONS,alta,2500cc-3200cc,178,"0,0563220752665","5,63"
Golf Mk2,GTI,Volkswagen,B: SMALL SALOONS,ata,3200cc-4800cc,423,"0,0563220752665","5,63"
Golf Mk2,Ryder,Volkswagen,B: SMALL SALOONS,alta,1500cc – 2000cc,43,"0,0563220752665","5,63"
Golf Mk2,Other,Volkswagen,B: SMALL SALOONS,alta,2000cc-2500cc,348,"0,0563220752665","5,63"
Golf Mk3,CL,Volkswagen,B: SMALL SALOONS,baja,2500cc-3200cc,556,"0,0563220752665","5,63"
Golf Mk3,Driver,Volkswagen,B: SMALL SALOONS,baja,1500cc – 2000cc,69,"0,0563220752665","5,63"
Golf Mk3,GL,Volkswagen,B: SMALL SALOONS,baja,2000cc-2500cc,161,"0,0563220752665","5,63"
Golf Mk3,GTI,Volkswagen,B: SMALL SALOONS,baja,3200cc-4800cc,288,"0,0563220752665","5,63"
Golf Mk3,SE,Volkswagen,B: SMALL SALOONS,baja,mayor 4800cc,30,"0,0563220752665","5,63"
Golf Mk3,Other,Volkswagen,B: SMALL SALOONS,alta,menor 1500cc,501,"0,0563220752665","5,63"
Golf Mk4,E,Volkswagen,B: SMALL SALOONS,alta,2500cc-3200cc,149,"0,0563220752665","5,63"
Golf Mk4,GTI,Volkswagen,B: SMALL SALOONS,alta,3200cc-4800cc,663,"0,0563220752665","5,63"
Golf Mk4,Match,Volkswagen,B: SMALL SALOONS,baja,1500cc – 2000cc,108,"0,0563220752665","5,63"
Golf Mk4,S,Volkswagen,B: SMALL SALOONS,media,2000cc-2500cc,430,"0,0563220752665","5,63"
Golf Mk4,SE,Volkswagen,B: SMALL SALOONS,media,2500cc-3200cc,492,"0,0563220752665","5,63"
Golf Mk4,Other,Volkswagen,B: SMALL SALOONS,alta,1500cc – 2000cc,1030,"0,0563220752665","5,63"
Jetta,All,Volkswagen,B: SMALL SALOONS,alta,2000cc-2500cc,105,"0,0563220752665","5,63"
Vento,All,Volkswagen,B: SMALL SALOONS,media,3200cc-4800cc,61,"0,0563220752665","5,63"
Bora,All,Volkswagen,C: MEDIUM SALOONS,baja,1500cc – 2000cc,208,"0,0563220752665","5,63"
Passat,All,Volkswagen,C: MEDIUM SALOONS,baja,2000cc-2500cc,1282,"0,0563220752665","5,63"
Corrado,All,Volkswagen,F: SPORTS,media,1500cc – 2000cc,63,"0,0563220752665","5,63"
Karmann,All,Volkswagen,F: SPORTS,media,2000cc-2500cc,9,"0,0563220752665","5,63"
Scirocco,All,Volkswagen,F: SPORTS,media,3200cc-4800cc,101,"0,0563220752665","5,63"
Sharan,All,Volkswagen,G: 4x4 & PEOPLE CARRIER,media,menor 1500cc,188,"0,0563220752665","5,63"
Touran,All,Volkswagen,G: 4x4 & PEOPLE CARRIER,alta,2500cc-3200cc,47,"0,0563220752665","5,63"
Touareg,All,Volkswagen,G: 4x4 & PEOPLE CARRIER,alta,3200cc-4800cc,38,"0,0563220752665","5,63"
340,All,Volvo,B: SMALL SALOONS,media,mayor 4800cc,221,"0,013526720158772","1,35"
360,All,Volvo,B: SMALL SALOONS,media,menor 1500cc,24,"0,013526720158772","1,35"
440,All,Volvo,B: SMALL SALOONS,media,2500cc-3200cc,433,"0,013526720158772","1,35"
460,All,Volvo,B: SMALL SALOONS,media,3200cc-4800cc,103,"0,013526720158772","1,35"
480,All,Volvo,B: SMALL SALOONS,alta,1500cc – 2000cc,63,"0,013526720158772","1,35"
S40& V40,All,Volvo,C: MEDIUM SALOONS,baja,2500cc-3200cc,441,"0,013526720158772","1,35"
140& 160& 262,All,Volvo,D: LARGE SALOONS,media,1500cc – 2000cc,0,"0,013526720158772","1,35"
240& 260,All,Volvo,D: LARGE SALOONS,alta,2000cc-2500cc,150,"0,013526720158772","1,35"
740,All,Volvo,D: LARGE SALOONS,alta,3200cc-4800cc,247,"0,013526720158772","1,35"
760,All,Volvo,D: LARGE SALOONS,ata,mayor 4800cc,52,"0,013526720158772","1,35"
850,All,Volvo,D: LARGE SALOONS,alta,menor 1500cc,191,"0,013526720158772","1,35"
940& S90,All,Volvo,D: LARGE SALOONS,alta,2500cc-3200cc,134,"0,013526720158772","1,35"
960& V90,All,Volvo,D: LARGE SALOONS,baja,3200cc-4800cc,32,"0,013526720158772","1,35"
C70& S70& V70,All,Volvo,D: LARGE SALOONS,baja,1500cc – 2000cc,291,"0,013526720158772","1,35"
S60,All,Volvo,D: LARGE SALOONS,baja,2000cc-2500cc,129,"0,013526720158772","1,35"
S80,All,Volvo,D: LARGE SALOONS,baja,2500cc-3200cc,98,"0,013526720158772","1,35"
V50,All,Volvo,D: LARGE SALOONS,baja,1500cc – 2000cc,0,"0,013526720158772","1,35"
XC70,All,Volvo,E: LUXURY SALOONS,alta,1500cc – 2000cc,8,"0,013526720158772","1,35"
XC90,All,Volvo,G: 4x4 & PEOPLE CARRIER,ata,1500cc – 2000cc,82,"0,013526720158772","1,35"
